Year,State,Total,Total minus Unknown,Type,By Type
1991,National,14373,13366,Handguns,11497
1991,National,14373,13366,Rifles,745
1991,National,14373,13366,Shotguns,1124
1991,National,14373,13366,Unknown,1007
1992,National,15489,14397,Handguns,12580
1992,National,15489,14397,Rifles,706
1992,National,15489,14397,Shotguns,1111
1992,National,15489,14397,Unknown,1092
1993,National,16136,15026,Handguns,13212
1993,National,16136,15026,Rifles,757
1993,National,16136,15026,Shotguns,1057
1993,National,16136,15026,Unknown,1110
1994,National,15463,14452,Handguns,12775
1994,National,15463,14452,Rifles,724
1994,National,15463,14452,Shotguns,953
1994,National,15463,14452,Unknown,1011
1995,National,13790,12865,Handguns,11282
1995,National,13790,12865,Rifles,654
1995,National,13790,12865,Shotguns,929
1995,National,13790,12865,Unknown,925
1996,National,11453,10512,Handguns,9266
1996,National,11453,10512,Rifles,561
1996,National,11453,10512,Shotguns,685
1996,National,11453,10512,Unknown,941
1997,National,10729,9722,Handguns,8441
1997,National,10729,9722,Rifles,638
1997,National,10729,9722,Shotguns,643
1997,National,10729,9722,Unknown,1007
1998,National,9143,8518,Handguns,7361
1998,National,9143,8518,Rifles,538
1998,National,9143,8518,Shotguns,619
1998,National,9143,8518,Unknown,625
1999,National,8259,7388,Handgun,6498
1999,National,8259,7388,Rifle,387
1999,National,8259,7388,Shotgun,503
1999,National,8259,7388,Unknown,871
2000,National,8493,7550,Handgun,6686
2000,National,8493,7550,Rifle,396
2000,National,8493,7550,Shotgun,468
2000,National,8493,7550,Unknown,943
2001,National,8719,7676,Handgun,6790
2001,National,8719,7676,Rifle,389
2001,National,8719,7676,Shotgun,497
2001,National,8719,7676,Unknown,1043
2002,National,9369,8132,Handgun,7176
2002,National,9369,8132,Rifle,480
2002,National,9369,8132,Shotgun,476
2002,National,9369,8132,Unknown,1237
2003,National,9638,8543,Handgun,7701
2003,National,9638,8543,Rifle,390
2003,National,9638,8543,Shotgun,452
2003,National,9638,8543,Unknown,1095
2004,Alabama,158,157,Handgun,137
2004,Alabama,158,157,Rifle,0
2004,Alabama,158,157,Shotgun,20
2004,Alabama,158,157,Unknown,1
2004,Alaska,17,17,Handgun,16
2004,Alaska,17,17,Rifle,0
2004,Alaska,17,17,Shotgun,1
2004,Alaska,17,17,Unknown,0
2004,Arizona,295,288,Handgun,244
2004,Arizona,295,288,Rifle,30
2004,Arizona,295,288,Shotgun,14
2004,Arizona,295,288,Unknown,7
2004,Arkansas,95,78,Handgun,69
2004,Arkansas,95,78,Rifle,3
2004,Arkansas,95,78,Shotgun,6
2004,Arkansas,95,78,Unknown,17
2004,California,1724,1586,Handgun,1442
2004,California,1724,1586,Rifle,75
2004,California,1724,1586,Shotgun,69
2004,California,1724,1586,Unknown,138
2004,Colorado,116,98,Handgun,85
2004,Colorado,116,98,Rifle,5
2004,Colorado,116,98,Shotgun,8
2004,Colorado,116,98,Unknown,18
2004,Connecticut,47,41,Handgun,39
2004,Connecticut,47,41,Rifle,0
2004,Connecticut,47,41,Shotgun,2
2004,Connecticut,47,41,Unknown,6
2004,Delaware,9,7,Handgun,7
2004,Delaware,9,7,Rifle,0
2004,Delaware,9,7,Shotgun,0
2004,Delaware,9,7,Unknown,2
2004,Georgia,342,313,Handgun,283
2004,Georgia,342,313,Rifle,14
2004,Georgia,342,313,Shotgun,16
2004,Georgia,342,313,Unknown,29
2004,Hawaii,6,5,Handgun,3
2004,Hawaii,6,5,Rifle,0
2004,Hawaii,6,5,Shotgun,2
2004,Hawaii,6,5,Unknown,1
2004,Idaho,17,11,Handgun,7
2004,Idaho,17,11,Rifle,3
2004,Idaho,17,11,Shotgun,1
2004,Idaho,17,11,Unknown,6
2004,Illinois,337,317,Handgun,313
2004,Illinois,337,317,Rifle,4
2004,Illinois,337,317,Shotgun,0
2004,Illinois,337,317,Unknown,20
2004,Indiana,208,160,Handgun,144
2004,Indiana,208,160,Rifle,5
2004,Indiana,208,160,Shotgun,11
2004,Indiana,208,160,Unknown,48
2004,Iowa,19,16,Handgun,11
2004,Iowa,19,16,Rifle,1
2004,Iowa,19,16,Shotgun,4
2004,Iowa,19,16,Unknown,3
2004,Kansas,45,35,Handgun,31
2004,Kansas,45,35,Rifle,1
2004,Kansas,45,35,Shotgun,3
2004,Kansas,45,35,Unknown,10
2004,Kentucky,136,124,Handgun,99
2004,Kentucky,136,124,Rifle,11
2004,Kentucky,136,124,Shotgun,14
2004,Kentucky,136,124,Unknown,12
2004,Louisiana,442,417,Handgun,369
2004,Louisiana,442,417,Rifle,34
2004,Louisiana,442,417,Shotgun,14
2004,Louisiana,442,417,Unknown,25
2004,Maine,9,9,Handgun,6
2004,Maine,9,9,Rifle,0
2004,Maine,9,9,Shotgun,3
2004,Maine,9,9,Unknown,0
2004,Maryland,386,381,Handgun,362
2004,Maryland,386,381,Rifle,2
2004,Maryland,386,381,Shotgun,17
2004,Maryland,386,381,Unknown,5
2004,Massachusetts,97,71,Handgun,67
2004,Massachusetts,97,71,Rifle,1
2004,Massachusetts,97,71,Shotgun,3
2004,Massachusetts,97,71,Unknown,26
2004,Michigan,456,409,Handgun,364
2004,Michigan,456,409,Rifle,18
2004,Michigan,456,409,Shotgun,27
2004,Michigan,456,409,Unknown,47
2004,Minnesota,73,73,Handgun,63
2004,Minnesota,73,73,Rifle,6
2004,Minnesota,73,73,Shotgun,4
2004,Minnesota,73,73,Unknown,0
2004,Mississippi,124,116,Handgun,104
2004,Mississippi,124,116,Rifle,2
2004,Mississippi,124,116,Shotgun,10
2004,Mississippi,124,116,Unknown,8
2004,Missouri,243,126,Handgun,97
2004,Missouri,243,126,Rifle,19
2004,Missouri,243,126,Shotgun,10
2004,Missouri,243,126,Unknown,117
2004,Montana,11,8,Handgun,8
2004,Montana,11,8,Rifle,0
2004,Montana,11,8,Shotgun,0
2004,Montana,11,8,Unknown,3
2004,Nebraska,17,13,Handgun,13
2004,Nebraska,17,13,Rifle,0
2004,Nebraska,17,13,Shotgun,0
2004,Nebraska,17,13,Unknown,4
2004,Nevada,110,82,Handgun,71
2004,Nevada,110,82,Rifle,2
2004,Nevada,110,82,Shotgun,9
2004,Nevada,110,82,Unknown,28
2004,New Hampshire,4,4,Handgun,4
2004,New Hampshire,4,4,Rifle,0
2004,New Hampshire,4,4,Shotgun,0
2004,New Hampshire,4,4,Unknown,0
2004,New Jersey,230,229,Handgun,225
2004,New Jersey,230,229,Rifle,2
2004,New Jersey,230,229,Shotgun,2
2004,New Jersey,230,229,Unknown,1
2004,New Mexico,75,71,Handgun,66
2004,New Mexico,75,71,Rifle,3
2004,New Mexico,75,71,Shotgun,2
2004,New Mexico,75,71,Unknown,4
2004,New York,500,454,Handgun,419
2004,New York,500,454,Rifle,10
2004,New York,500,454,Shotgun,25
2004,New York,500,454,Unknown,46
2004,North Carolina,284,237,Handgun,199
2004,North Carolina,284,237,Rifle,14
2004,North Carolina,284,237,Shotgun,24
2004,North Carolina,284,237,Unknown,47
2004,North Dakota,4,4,Handgun,1
2004,North Dakota,4,4,Rifle,2
2004,North Dakota,4,4,Shotgun,1
2004,North Dakota,4,4,Unknown,0
2004,Ohio,245,185,Handgun,160
2004,Ohio,245,185,Rifle,10
2004,Ohio,245,185,Shotgun,15
2004,Ohio,245,185,Unknown,60
2004,Oklahoma,106,100,Handgun,78
2004,Oklahoma,106,100,Rifle,5
2004,Oklahoma,106,100,Shotgun,17
2004,Oklahoma,106,100,Unknown,6
2004,Oregon,48,23,Handgun,19
2004,Oregon,48,23,Rifle,3
2004,Oregon,48,23,Shotgun,1
2004,Oregon,48,23,Unknown,25
2004,Pennsylvania,449,381,Handgun,359
2004,Pennsylvania,449,381,Rifle,8
2004,Pennsylvania,449,381,Shotgun,14
2004,Pennsylvania,449,381,Unknown,68
2004,Rhode Island,16,12,Handgun,11
2004,Rhode Island,16,12,Rifle,0
2004,Rhode Island,16,12,Shotgun,1
2004,Rhode Island,16,12,Unknown,4
2004,South Carolina,194,179,Handgun,151
2004,South Carolina,194,179,Rifle,15
2004,South Carolina,194,179,Shotgun,13
2004,South Carolina,194,179,Unknown,15
2004,South Dakota,5,5,Handgun,2
2004,South Dakota,5,5,Rifle,1
2004,South Dakota,5,5,Shotgun,2
2004,South Dakota,5,5,Unknown,0
2004,Tennessee,221,170,Handgun,142
2004,Tennessee,221,170,Rifle,10
2004,Tennessee,221,170,Shotgun,18
2004,Tennessee,221,170,Unknown,51
2004,Texas,882,807,Handgun,688
2004,Texas,882,807,Rifle,49
2004,Texas,882,807,Shotgun,70
2004,Texas,882,807,Unknown,75
2004,Utah,12,10,Handgun,10
2004,Utah,12,10,Rifle,0
2004,Utah,12,10,Shotgun,0
2004,Utah,12,10,Unknown,2
2004,Vermont,3,3,Handgun,3
2004,Vermont,3,3,Rifle,0
2004,Vermont,3,3,Shotgun,0
2004,Vermont,3,3,Unknown,0
2004,Virginia,270,146,Handgun,122
2004,Virginia,270,146,Rifle,8
2004,Virginia,270,146,Shotgun,16
2004,Virginia,270,146,Unknown,124
2004,Washington,106,96,Handgun,82
2004,Washington,106,96,Rifle,7
2004,Washington,106,96,Shotgun,7
2004,Washington,106,96,Unknown,10
2004,West Virginia,31,22,Handgun,15
2004,West Virginia,31,22,Rifle,3
2004,West Virginia,31,22,Shotgun,4
2004,West Virginia,31,22,Unknown,9
2004,Wisconsin,99,67,Handgun,54
2004,Wisconsin,99,67,Rifle,7
2004,Wisconsin,99,67,Shotgun,6
2004,Wisconsin,99,67,Unknown,32
2004,Wyoming,3,2,Handgun,1
2004,Wyoming,3,2,Rifle,0
2004,Wyoming,3,2,Shotgun,1
2004,Wyoming,3,2,Unknown,1
2005,Alabama,223,222,Handgun,206
2005,Alabama,223,222,Rifle,4
2005,Alabama,223,222,Shotgun,12
2005,Alabama,223,222,Unknown,1
2005,Alaska,19,17,Handgun,15
2005,Alaska,19,17,Rifle,1
2005,Alaska,19,17,Shotgun,1
2005,Alaska,19,17,Unknown,2
2005,Arizona,334,311,Handgun,270
2005,Arizona,334,311,Rifle,22
2005,Arizona,334,311,Shotgun,19
2005,Arizona,334,311,Unknown,23
2005,Arkansas,120,92,Handgun,74
2005,Arkansas,120,92,Rifle,3
2005,Arkansas,120,92,Shotgun,15
2005,Arkansas,120,92,Unknown,28
2005,California,1845,1652,Handgun,1493
2005,California,1845,1652,Rifle,83
2005,California,1845,1652,Shotgun,76
2005,California,1845,1652,Unknown,193
2005,Colorado,109,71,Handgun,64
2005,Colorado,109,71,Rifle,4
2005,Colorado,109,71,Shotgun,3
2005,Colorado,109,71,Unknown,38
2005,Connecticut,47,29,Handgun,27
2005,Connecticut,47,29,Rifle,0
2005,Connecticut,47,29,Shotgun,2
2005,Connecticut,47,29,Unknown,18
2005,Delaware,23,15,Handgun,15
2005,Delaware,23,15,Rifle,0
2005,Delaware,23,15,Shotgun,0
2005,Delaware,23,15,Unknown,8
2005,Georgia,370,337,Handgun,312
2005,Georgia,370,337,Rifle,12
2005,Georgia,370,337,Shotgun,13
2005,Georgia,370,337,Unknown,33
2005,Hawaii,2,1,Handgun,0
2005,Hawaii,2,1,Rifle,1
2005,Hawaii,2,1,Shotgun,0
2005,Hawaii,2,1,Unknown,1
2005,Idaho,23,16,Handgun,10
2005,Idaho,23,16,Rifle,1
2005,Idaho,23,16,Shotgun,5
2005,Idaho,23,16,Unknown,7
2005,Illinois,339,334,Handgun,328
2005,Illinois,339,334,Rifle,4
2005,Illinois,339,334,Shotgun,2
2005,Illinois,339,334,Unknown,5
2005,Indiana,238,198,Handgun,171
2005,Indiana,238,198,Rifle,20
2005,Indiana,238,198,Shotgun,7
2005,Indiana,238,198,Unknown,40
2005,Iowa,21,16,Handgun,13
2005,Iowa,21,16,Rifle,1
2005,Iowa,21,16,Shotgun,2
2005,Iowa,21,16,Unknown,5
2005,Kansas,52,32,Handgun,20
2005,Kansas,52,32,Rifle,8
2005,Kansas,52,32,Shotgun,4
2005,Kansas,52,32,Unknown,20
2005,Kentucky,124,113,Handgun,94
2005,Kentucky,124,113,Rifle,8
2005,Kentucky,124,113,Shotgun,11
2005,Kentucky,124,113,Unknown,11
2005,Louisiana,309,296,Handgun,261
2005,Louisiana,309,296,Rifle,21
2005,Louisiana,309,296,Shotgun,14
2005,Louisiana,309,296,Unknown,13
2005,Maine,7,7,Handgun,6
2005,Maine,7,7,Rifle,1
2005,Maine,7,7,Shotgun,0
2005,Maine,7,7,Unknown,0
2005,Maryland,418,413,Handgun,394
2005,Maryland,418,413,Rifle,4
2005,Maryland,418,413,Shotgun,15
2005,Maryland,418,413,Unknown,5
2005,Massachusetts,94,50,Handgun,48
2005,Massachusetts,94,50,Rifle,1
2005,Massachusetts,94,50,Shotgun,1
2005,Massachusetts,94,50,Unknown,44
2005,Michigan,421,253,Handgun,195
2005,Michigan,421,253,Rifle,38
2005,Michigan,421,253,Shotgun,20
2005,Michigan,421,253,Unknown,168
2005,Minnesota,73,72,Handgun,63
2005,Minnesota,73,72,Rifle,7
2005,Minnesota,73,72,Shotgun,2
2005,Minnesota,73,72,Unknown,1
2005,Mississippi,113,98,Handgun,77
2005,Mississippi,113,98,Rifle,13
2005,Mississippi,113,98,Shotgun,8
2005,Mississippi,113,98,Unknown,15
2005,Missouri,281,141,Handgun,113
2005,Missouri,281,141,Rifle,10
2005,Missouri,281,141,Shotgun,18
2005,Missouri,281,141,Unknown,140
2005,Montana,5,4,Handgun,3
2005,Montana,5,4,Rifle,1
2005,Montana,5,4,Shotgun,0
2005,Montana,5,4,Unknown,1
2005,Nebraska,5,1,Handgun,0
2005,Nebraska,5,1,Rifle,1
2005,Nebraska,5,1,Shotgun,0
2005,Nebraska,5,1,Unknown,4
2005,Nevada,124,95,Handgun,84
2005,Nevada,124,95,Rifle,6
2005,Nevada,124,95,Shotgun,5
2005,Nevada,124,95,Unknown,29
2005,New Hampshire,6,3,Handgun,3
2005,New Hampshire,6,3,Rifle,0
2005,New Hampshire,6,3,Shotgun,0
2005,New Hampshire,6,3,Unknown,3
2005,New Jersey,276,264,Handgun,260
2005,New Jersey,276,264,Rifle,1
2005,New Jersey,276,264,Shotgun,3
2005,New Jersey,276,264,Unknown,12
2005,New Mexico,66,58,Handgun,48
2005,New Mexico,66,58,Rifle,3
2005,New Mexico,66,58,Shotgun,7
2005,New Mexico,66,58,Unknown,8
2005,New York,500,448,Handgun,428
2005,New York,500,448,Rifle,10
2005,New York,500,448,Shotgun,10
2005,New York,500,448,Unknown,52
2005,North Carolina,353,295,Handgun,241
2005,North Carolina,353,295,Rifle,20
2005,North Carolina,353,295,Shotgun,34
2005,North Carolina,353,295,Unknown,58
2005,North Dakota,1,0,Handgun,0
2005,North Dakota,1,0,Rifle,0
2005,North Dakota,1,0,Shotgun,0
2005,North Dakota,1,0,Unknown,1
2005,Ohio,313,225,Handgun,198
2005,Ohio,313,225,Rifle,13
2005,Ohio,313,225,Shotgun,14
2005,Ohio,313,225,Unknown,88
2005,Oklahoma,129,123,Handgun,100
2005,Oklahoma,129,123,Rifle,14
2005,Oklahoma,129,123,Shotgun,9
2005,Oklahoma,129,123,Unknown,6
2005,Oregon,48,26,Handgun,19
2005,Oregon,48,26,Rifle,5
2005,Oregon,48,26,Shotgun,2
2005,Oregon,48,26,Unknown,22
2005,Pennsylvania,528,423,Handgun,392
2005,Pennsylvania,528,423,Rifle,15
2005,Pennsylvania,528,423,Shotgun,16
2005,Pennsylvania,528,423,Unknown,105
2005,Rhode Island,16,7,Handgun,6
2005,Rhode Island,16,7,Rifle,1
2005,Rhode Island,16,7,Shotgun,0
2005,Rhode Island,16,7,Unknown,9
2005,South Carolina,217,190,Handgun,168
2005,South Carolina,217,190,Rifle,8
2005,South Carolina,217,190,Shotgun,14
2005,South Carolina,217,190,Unknown,27
2005,South Dakota,6,4,Handgun,3
2005,South Dakota,6,4,Rifle,0
2005,South Dakota,6,4,Shotgun,1
2005,South Dakota,6,4,Unknown,2
2005,Tennessee,301,241,Handgun,203
2005,Tennessee,301,241,Rifle,8
2005,Tennessee,301,241,Shotgun,30
2005,Tennessee,301,241,Unknown,60
2005,Texas,946,882,Handgun,767
2005,Texas,946,882,Rifle,48
2005,Texas,946,882,Shotgun,67
2005,Texas,946,882,Unknown,64
2005,Utah,27,18,Handgun,11
2005,Utah,27,18,Rifle,0
2005,Utah,27,18,Shotgun,7
2005,Utah,27,18,Unknown,9
2005,Vermont,5,5,Handgun,1
2005,Vermont,5,5,Rifle,2
2005,Vermont,5,5,Shotgun,2
2005,Vermont,5,5,Unknown,0
2005,Virginia,318,173,Handgun,149
2005,Virginia,318,173,Rifle,6
2005,Virginia,318,173,Shotgun,18
2005,Virginia,318,173,Unknown,145
2005,Washington,126,122,Handgun,103
2005,Washington,126,122,Rifle,8
2005,Washington,126,122,Shotgun,11
2005,Washington,126,122,Unknown,4
2005,West Virginia,40,24,Handgun,18
2005,West Virginia,40,24,Rifle,0
2005,West Virginia,40,24,Shotgun,6
2005,West Virginia,40,24,Unknown,16
2005,Wisconsin,132,78,Handgun,63
2005,Wisconsin,132,78,Rifle,4
2005,Wisconsin,132,78,Shotgun,11
2005,Wisconsin,132,78,Unknown,54
2005,Wyoming,7,7,Handgun,6
2005,Wyoming,7,7,Rifle,1
2005,Wyoming,7,7,Shotgun,0
2005,Wyoming,7,7,Unknown,0
2006,Alabama,247,247,Handgun,226
2006,Alabama,247,247,Rifle,0
2006,Alabama,247,247,Shotgun,21
2006,Alabama,247,247,Unknown,0
2006,Alaska,22,21,Handgun,15
2006,Alaska,22,21,Rifle,5
2006,Alaska,22,21,Shotgun,1
2006,Alaska,22,21,Unknown,1
2006,Arizona,343,316,Handgun,269
2006,Arizona,343,316,Rifle,33
2006,Arizona,343,316,Shotgun,14
2006,Arizona,343,316,Unknown,27
2006,Arkansas,134,107,Handgun,82
2006,Arkansas,134,107,Rifle,15
2006,Arkansas,134,107,Shotgun,10
2006,Arkansas,134,107,Unknown,27
2006,California,1822,1766,Handgun,1623
2006,California,1822,1766,Rifle,74
2006,California,1822,1766,Shotgun,69
2006,California,1822,1766,Unknown,56
2006,Colorado,85,46,Handgun,38
2006,Colorado,85,46,Rifle,0
2006,Colorado,85,46,Shotgun,8
2006,Colorado,85,46,Unknown,39
2006,Connecticut,65,59,Handgun,57
2006,Connecticut,65,59,Rifle,0
2006,Connecticut,65,59,Shotgun,2
2006,Connecticut,65,59,Unknown,6
2006,Delaware,27,17,Handgun,14
2006,Delaware,27,17,Rifle,0
2006,Delaware,27,17,Shotgun,3
2006,Delaware,27,17,Unknown,10
2006,Georgia,403,383,Handgun,351
2006,Georgia,403,383,Rifle,13
2006,Georgia,403,383,Shotgun,19
2006,Georgia,403,383,Unknown,20
2006,Hawaii,7,5,Handgun,5
2006,Hawaii,7,5,Rifle,0
2006,Hawaii,7,5,Shotgun,0
2006,Hawaii,7,5,Unknown,2
2006,Idaho,22,13,Handgun,9
2006,Idaho,22,13,Rifle,2
2006,Idaho,22,13,Shotgun,2
2006,Idaho,22,13,Unknown,9
2006,Illinois,392,390,Handgun,380
2006,Illinois,392,390,Rifle,4
2006,Illinois,392,390,Shotgun,6
2006,Illinois,392,390,Unknown,2
2006,Indiana,239,201,Handgun,171
2006,Indiana,239,201,Rifle,20
2006,Indiana,239,201,Shotgun,10
2006,Indiana,239,201,Unknown,38
2006,Iowa,23,14,Handgun,8
2006,Iowa,23,14,Rifle,1
2006,Iowa,23,14,Shotgun,5
2006,Iowa,23,14,Unknown,9
2006,Kansas,70,43,Handgun,33
2006,Kansas,70,43,Rifle,6
2006,Kansas,70,43,Shotgun,4
2006,Kansas,70,43,Unknown,27
2006,Kentucky,98,92,Handgun,78
2006,Kentucky,98,92,Rifle,6
2006,Kentucky,98,92,Shotgun,8
2006,Kentucky,98,92,Unknown,6
2006,Louisiana,396,371,Handgun,335
2006,Louisiana,396,371,Rifle,29
2006,Louisiana,396,371,Shotgun,7
2006,Louisiana,396,371,Unknown,25
2006,Maine,12,10,Handgun,7
2006,Maine,12,10,Rifle,2
2006,Maine,12,10,Shotgun,1
2006,Maine,12,10,Unknown,2
2006,Maryland,403,394,Handgun,372
2006,Maryland,403,394,Rifle,5
2006,Maryland,403,394,Shotgun,17
2006,Maryland,403,394,Unknown,9
2006,Massachusetts,111,71,Handgun,66
2006,Massachusetts,111,71,Rifle,2
2006,Massachusetts,111,71,Shotgun,3
2006,Massachusetts,111,71,Unknown,40
2006,Michigan,498,262,Handgun,208
2006,Michigan,498,262,Rifle,29
2006,Michigan,498,262,Shotgun,25
2006,Michigan,498,262,Unknown,236
2006,Minnesota,75,75,Handgun,67
2006,Minnesota,75,75,Rifle,1
2006,Minnesota,75,75,Shotgun,7
2006,Minnesota,75,75,Unknown,0
2006,Mississippi,121,105,Handgun,93
2006,Mississippi,121,105,Rifle,5
2006,Mississippi,121,105,Shotgun,7
2006,Mississippi,121,105,Unknown,16
2006,Missouri,246,123,Handgun,96
2006,Missouri,246,123,Rifle,13
2006,Missouri,246,123,Shotgun,14
2006,Missouri,246,123,Unknown,123
2006,Montana,4,4,Handgun,4
2006,Montana,4,4,Rifle,0
2006,Montana,4,4,Shotgun,0
2006,Montana,4,4,Unknown,0
2006,Nebraska,5,3,Handgun,2
2006,Nebraska,5,3,Rifle,1
2006,Nebraska,5,3,Shotgun,0
2006,Nebraska,5,3,Unknown,2
2006,Nevada,133,101,Handgun,88
2006,Nevada,133,101,Rifle,4
2006,Nevada,133,101,Shotgun,9
2006,Nevada,133,101,Unknown,32
2006,New Hampshire,3,3,Handgun,2
2006,New Hampshire,3,3,Rifle,0
2006,New Hampshire,3,3,Shotgun,1
2006,New Hampshire,3,3,Unknown,0
2006,New Jersey,289,277,Handgun,270
2006,New Jersey,289,277,Rifle,0
2006,New Jersey,289,277,Shotgun,7
2006,New Jersey,289,277,Unknown,12
2006,New Mexico,57,54,Handgun,48
2006,New Mexico,57,54,Rifle,3
2006,New Mexico,57,54,Shotgun,3
2006,New Mexico,57,54,Unknown,3
2006,New York,400,330,Handgun,308
2006,New York,400,330,Rifle,14
2006,New York,400,330,Shotgun,8
2006,New York,400,330,Unknown,70
2006,North Carolina,338,278,Handgun,227
2006,North Carolina,338,278,Rifle,23
2006,North Carolina,338,278,Shotgun,28
2006,North Carolina,338,278,Unknown,60
2006,North Dakota,1,1,Handgun,1
2006,North Dakota,1,1,Rifle,0
2006,North Dakota,1,1,Shotgun,0
2006,North Dakota,1,1,Unknown,0
2006,Ohio,334,244,Handgun,233
2006,Ohio,334,244,Rifle,3
2006,Ohio,334,244,Shotgun,8
2006,Ohio,334,244,Unknown,90
2006,Oklahoma,133,109,Handgun,85
2006,Oklahoma,133,109,Rifle,12
2006,Oklahoma,133,109,Shotgun,12
2006,Oklahoma,133,109,Unknown,24
2006,Oregon,44,22,Handgun,16
2006,Oregon,44,22,Rifle,4
2006,Oregon,44,22,Shotgun,2
2006,Oregon,44,22,Unknown,22
2006,Pennsylvania,554,499,Handgun,474
2006,Pennsylvania,554,499,Rifle,14
2006,Pennsylvania,554,499,Shotgun,11
2006,Pennsylvania,554,499,Unknown,55
2006,Rhode Island,7,3,Handgun,3
2006,Rhode Island,7,3,Rifle,0
2006,Rhode Island,7,3,Shotgun,0
2006,Rhode Island,7,3,Unknown,4
2006,South Carolina,253,187,Handgun,163
2006,South Carolina,253,187,Rifle,10
2006,South Carolina,253,187,Shotgun,14
2006,South Carolina,253,187,Unknown,66
2006,South Dakota,2,0,Handgun,0
2006,South Dakota,2,0,Rifle,0
2006,South Dakota,2,0,Shotgun,0
2006,South Dakota,2,0,Unknown,2
2006,Tennessee,271,234,Handgun,211
2006,Tennessee,271,234,Rifle,11
2006,Tennessee,271,234,Shotgun,12
2006,Tennessee,271,234,Unknown,37
2006,Texas,949,835,Handgun,711
2006,Texas,949,835,Rifle,53
2006,Texas,949,835,Shotgun,71
2006,Texas,949,835,Unknown,114
2006,Utah,21,12,Handgun,9
2006,Utah,21,12,Rifle,1
2006,Utah,21,12,Shotgun,2
2006,Utah,21,12,Unknown,9
2006,Vermont,7,7,Handgun,7
2006,Vermont,7,7,Rifle,0
2006,Vermont,7,7,Shotgun,0
2006,Vermont,7,7,Unknown,0
2006,Virginia,264,161,Handgun,142
2006,Virginia,264,161,Rifle,6
2006,Virginia,264,161,Shotgun,13
2006,Virginia,264,161,Unknown,103
2006,Washington,107,105,Handgun,90
2006,Washington,107,105,Rifle,3
2006,Washington,107,105,Shotgun,12
2006,Washington,107,105,Unknown,2
2006,West Virginia,40,29,Handgun,24
2006,West Virginia,40,29,Rifle,4
2006,West Virginia,40,29,Shotgun,1
2006,West Virginia,40,29,Unknown,11
2006,Wisconsin,95,78,Handgun,72
2006,Wisconsin,95,78,Rifle,3
2006,Wisconsin,95,78,Shotgun,3
2006,Wisconsin,95,78,Unknown,17
2006,Wyoming,5,5,Handgun,2
2006,Wyoming,5,5,Rifle,2
2006,Wyoming,5,5,Shotgun,1
2006,Wyoming,5,5,Unknown,0
2007,Alabama,285,285,Handgun,262
2007,Alabama,285,285,Rifle,7
2007,Alabama,285,285,Shotgun,16
2007,Alabama,285,285,Unknown,0
2007,Alaska,21,20,Handgun,13
2007,Alaska,21,20,Rifle,4
2007,Alaska,21,20,Shotgun,3
2007,Alaska,21,20,Unknown,1
2007,Arizona,323,311,Handgun,265
2007,Arizona,323,311,Rifle,35
2007,Arizona,323,311,Shotgun,11
2007,Arizona,323,311,Unknown,12
2007,Arkansas,130,109,Handgun,92
2007,Arkansas,130,109,Rifle,7
2007,Arkansas,130,109,Shotgun,10
2007,Arkansas,130,109,Unknown,21
2007,California,1605,1499,Handgun,1374
2007,California,1605,1499,Rifle,51
2007,California,1605,1499,Shotgun,74
2007,California,1605,1499,Unknown,106
2007,Colorado,85,58,Handgun,56
2007,Colorado,85,58,Rifle,0
2007,Colorado,85,58,Shotgun,2
2007,Colorado,85,58,Unknown,27
2007,Connecticut,57,41,Handgun,37
2007,Connecticut,57,41,Rifle,0
2007,Connecticut,57,41,Shotgun,4
2007,Connecticut,57,41,Unknown,16
2007,Delaware,22,19,Handgun,19
2007,Delaware,22,19,Rifle,0
2007,Delaware,22,19,Shotgun,0
2007,Delaware,22,19,Unknown,3
2007,Georgia,485,455,Handgun,401
2007,Georgia,485,455,Rifle,24
2007,Georgia,485,455,Shotgun,30
2007,Georgia,485,455,Unknown,30
2007,Hawaii,3,3,Handgun,3
2007,Hawaii,3,3,Rifle,0
2007,Hawaii,3,3,Shotgun,0
2007,Hawaii,3,3,Unknown,0
2007,Idaho,25,18,Handgun,11
2007,Idaho,25,18,Rifle,6
2007,Idaho,25,18,Shotgun,1
2007,Idaho,25,18,Unknown,7
2007,Illinois,343,340,Handgun,330
2007,Illinois,343,340,Rifle,4
2007,Illinois,343,340,Shotgun,6
2007,Illinois,343,340,Unknown,3
2007,Indiana,231,181,Handgun,160
2007,Indiana,231,181,Rifle,12
2007,Indiana,231,181,Shotgun,9
2007,Indiana,231,181,Unknown,50
2007,Iowa,12,7,Handgun,4
2007,Iowa,12,7,Rifle,2
2007,Iowa,12,7,Shotgun,1
2007,Iowa,12,7,Unknown,5
2007,Kansas,63,37,Handgun,29
2007,Kansas,63,37,Rifle,5
2007,Kansas,63,37,Shotgun,3
2007,Kansas,63,37,Unknown,26
2007,Kentucky,131,127,Handgun,111
2007,Kentucky,131,127,Rifle,5
2007,Kentucky,131,127,Shotgun,11
2007,Kentucky,131,127,Unknown,4
2007,Louisiana,455,385,Handgun,339
2007,Louisiana,455,385,Rifle,31
2007,Louisiana,455,385,Shotgun,15
2007,Louisiana,455,385,Unknown,70
2007,Maine,9,4,Handgun,3
2007,Maine,9,4,Rifle,0
2007,Maine,9,4,Shotgun,1
2007,Maine,9,4,Unknown,5
2007,Maryland,414,408,Handgun,388
2007,Maryland,414,408,Rifle,9
2007,Maryland,414,408,Shotgun,11
2007,Maryland,414,408,Unknown,6
2007,Massachusetts,114,69,Handgun,65
2007,Massachusetts,114,69,Rifle,1
2007,Massachusetts,114,69,Shotgun,3
2007,Massachusetts,114,69,Unknown,45
2007,Michigan,444,235,Handgun,180
2007,Michigan,444,235,Rifle,29
2007,Michigan,444,235,Shotgun,26
2007,Michigan,444,235,Unknown,209
2007,Minnesota,61,61,Handgun,52 
2007,Minnesota,61,61,Rifle,7
2007,Minnesota,61,61,Shotgun,2
2007,Minnesota,61,61,Unknown,0
2007,Mississippi,119,116,Handgun,102
2007,Mississippi,119,116,Rifle,5
2007,Mississippi,119,116,Shotgun,9
2007,Mississippi,119,116,Unknown,3
2007,Missouri,247,120,Handgun,92
2007,Missouri,247,120,Rifle,18
2007,Missouri,247,120,Shotgun,10
2007,Missouri,247,120,Unknown,127
2007,Montana,10,7,Handgun,5
2007,Montana,10,7,Rifle,0
2007,Montana,10,7,Shotgun,2
2007,Montana,10,7,Unknown,3
2007,Nebraska,9,7,Handgun,7
2007,Nebraska,9,7,Rifle,0
2007,Nebraska,9,7,Shotgun,0
2007,Nebraska,9,7,Unknown,2
2007,Nevada,123,103,Handgun,92
2007,Nevada,123,103,Rifle,7
2007,Nevada,123,103,Shotgun,4
2007,Nevada,123,103,Unknown,20
2007,New Hampshire,7,5,Handgun,5
2007,New Hampshire,7,5,Rifle,0
2007,New Hampshire,7,5,Shotgun,0
2007,New Hampshire,7,5,Unknown,2
2007,New Jersey,260,250,Handgun,244
2007,New Jersey,260,250,Rifle,1
2007,New Jersey,260,250,Shotgun,5
2007,New Jersey,260,250,Unknown,10
2007,New Mexico,81,77,Handgun,66
2007,New Mexico,81,77,Rifle,10
2007,New Mexico,81,77,Shotgun,1
2007,New Mexico,81,77,Unknown,4
2007,New York,500,134,Handgun,113
2007,New York,500,134,Rifle,12
2007,New York,500,134,Shotgun,9
2007,New York,500,134,Unknown,366
2007,North Carolina,369,293,Handgun,252
2007,North Carolina,369,293,Rifle,17
2007,North Carolina,369,293,Shotgun,24
2007,North Carolina,369,293,Unknown,76
2007,North Dakota,3,3,Handgun,3
2007,North Dakota,3,3,Rifle,0
2007,North Dakota,3,3,Shotgun,0
2007,North Dakota,3,3,Unknown,0
2007,Ohio,299,208,Handgun,187
2007,Ohio,299,208,Rifle,6
2007,Ohio,299,208,Shotgun,15
2007,Ohio,299,208,Unknown,91
2007,Oklahoma,132,122,Handgun,105
2007,Oklahoma,132,122,Rifle,9
2007,Oklahoma,132,122,Shotgun,8
2007,Oklahoma,132,122,Unknown,10
2007,Oregon,38,21,Handgun,15
2007,Oregon,38,21,Rifle,2
2007,Oregon,38,21,Shotgun,4
2007,Oregon,38,21,Unknown,17
2007,Pennsylvania,527,467,Handgun,439
2007,Pennsylvania,527,467,Rifle,18
2007,Pennsylvania,527,467,Shotgun,10
2007,Pennsylvania,527,467,Unknown,60
2007,Rhode Island,9,3,Handgun,3
2007,Rhode Island,9,3,Rifle,0
2007,Rhode Island,9,3,Shotgun,0
2007,Rhode Island,9,3,Unknown,6
2007,South Carolina,235,168,Handgun,144
2007,South Carolina,235,168,Rifle,6
2007,South Carolina,235,168,Shotgun,18
2007,South Carolina,235,168,Unknown,67
2007,South Dakota,4,4,Handgun,2
2007,South Dakota,4,4,Rifle,1
2007,South Dakota,4,4,Shotgun,1
2007,South Dakota,4,4,Unknown,0
2007,Tennessee,252,212,Handgun,190
2007,Tennessee,252,212,Rifle,11
2007,Tennessee,252,212,Shotgun,11
2007,Tennessee,252,212,Unknown,40
2007,Texas,946,845,Handgun,727
2007,Texas,946,845,Rifle,58
2007,Texas,946,845,Shotgun,60
2007,Texas,946,845,Unknown,101
2007,Utah,38,22,Handgun,22
2007,Utah,38,22,Rifle,0
2007,Utah,38,22,Shotgun,0
2007,Utah,38,22,Unknown,16
2007,Vermont,9,8,Handgun,5
2007,Vermont,9,8,Rifle,2
2007,Vermont,9,8,Shotgun,1
2007,Vermont,9,8,Unknown,1
2007,Virginia,287,178,Handgun,163
2007,Virginia,287,178,Rifle,5
2007,Virginia,287,178,Shotgun,10
2007,Virginia,287,178,Unknown,109
2007,Washington,99,89,Handgun,78
2007,Washington,99,89,Rifle,5
2007,Washington,99,89,Shotgun,6
2007,Washington,99,89,Unknown,10
2007,West Virginia,37,26,Handgun,18
2007,West Virginia,37,26,Rifle,7
2007,West Virginia,37,26,Shotgun,1
2007,West Virginia,37,26,Unknown,11
2007,Wisconsin,121,100,Handgun,86
2007,Wisconsin,121,100,Rifle,9
2007,Wisconsin,121,100,Shotgun,5
2007,Wisconsin,121,100,Unknown,21
2007,Wyoming,7,6,Handgun,2
2007,Wyoming,7,6,Rifle,2
2007,Wyoming,7,6,Shotgun,2
2007,Wyoming,7,6,Unknown,1
2008,Alabama,262,262,Handgun,241
2008,Alabama,262,262,Rifle,1
2008,Alabama,262,262,Shotgun,20
2008,Alabama,262,262,Unknown,0
2008,Alaska,13,13,Handgun,9
2008,Alaska,13,13,Rifle,1
2008,Alaska,13,13,Shotgun,3
2008,Alaska,13,13,Unknown,0
2008,Arizona,290,274,Handgun,243
2008,Arizona,290,274,Rifle,15
2008,Arizona,290,274,Shotgun,16
2008,Arizona,290,274,Unknown,16
2008,Arkansas,110,75,Handgun,65
2008,Arkansas,110,75,Rifle,1
2008,Arkansas,110,75,Shotgun,9
2008,Arkansas,110,75,Unknown,35
2008,California,1487,1268,Handgun,1156
2008,California,1487,1268,Rifle,48
2008,California,1487,1268,Shotgun,64
2008,California,1487,1268,Unknown,219
2008,Colorado,86,55,Handgun,50
2008,Colorado,86,55,Rifle,3
2008,Colorado,86,55,Shotgun,2
2008,Colorado,86,55,Unknown,31
2008,Connecticut,71,47,Handgun,46
2008,Connecticut,71,47,Rifle,1
2008,Connecticut,71,47,Shotgun,0
2008,Connecticut,71,47,Unknown,24
2008,Delaware,44,31,Handgun,29
2008,Delaware,44,31,Rifle,0
2008,Delaware,44,31,Shotgun,2
2008,Delaware,44,31,Unknown,13
2008,Georgia,435,404,Handgun,371
2008,Georgia,435,404,Rifle,20
2008,Georgia,435,404,Shotgun,13
2008,Georgia,435,404,Unknown,31
2008,Hawaii,11,10,Handgun,7
2008,Hawaii,11,10,Rifle,1
2008,Hawaii,11,10,Shotgun,2
2008,Hawaii,11,10,Unknown,1
2008,Idaho,14,14,Handgun,9
2008,Idaho,14,14,Rifle,2
2008,Idaho,14,14,Shotgun,3
2008,Idaho,14,14,Unknown,0
2008,Illinois,421,416,Handgun,412
2008,Illinois,421,416,Rifle,3
2008,Illinois,421,416,Shotgun,1
2008,Illinois,421,416,Unknown,5
2008,Indiana,220,154,Handgun,134
2008,Indiana,220,154,Rifle,16
2008,Indiana,220,154,Shotgun,4
2008,Indiana,220,154,Unknown,66
2008,Iowa,25,19,Handgun,13
2008,Iowa,25,19,Rifle,2
2008,Iowa,25,19,Shotgun,4
2008,Iowa,25,19,Unknown,6
2008,Kansas,61,46,Handgun,41
2008,Kansas,61,46,Rifle,2
2008,Kansas,61,46,Shotgun,3
2008,Kansas,61,46,Unknown,15
2008,Kentucky,121,99,Handgun,78
2008,Kentucky,121,99,Rifle,8
2008,Kentucky,121,99,Shotgun,13
2008,Kentucky,121,99,Unknown,22
2008,Louisiana,309,273,Handgun,241
2008,Louisiana,309,273,Rifle,20
2008,Louisiana,309,273,Shotgun,12
2008,Louisiana,309,273,Unknown,36
2008,Maine,11,8,Handgun,6
2008,Maine,11,8,Rifle,2
2008,Maine,11,8,Shotgun,0
2008,Maine,11,8,Unknown,3
2008,Maryland,353,345,Handgun,328
2008,Maryland,353,345,Rifle,4
2008,Maryland,353,345,Shotgun,13
2008,Maryland,353,345,Unknown,8
2008,Massachusetts,89,61,Handgun,59
2008,Massachusetts,89,61,Rifle,2
2008,Massachusetts,89,61,Shotgun,0
2008,Massachusetts,89,61,Unknown,28
2008,Michigan,375,189,Handgun,165
2008,Michigan,375,189,Rifle,16
2008,Michigan,375,189,Shotgun,8
2008,Michigan,375,189,Unknown,186
2008,Minnesota,54,54,Handgun,51
2008,Minnesota,54,54,Rifle,1
2008,Minnesota,54,54,Shotgun,2
2008,Minnesota,54,54,Unknown,0
2008,Mississippi,142,130,Handgun,115
2008,Mississippi,142,130,Rifle,4
2008,Mississippi,142,130,Shotgun,11
2008,Mississippi,142,130,Unknown,12
2008,Missouri,349,212,Handgun,172
2008,Missouri,349,212,Rifle,25
2008,Missouri,349,212,Shotgun,15
2008,Missouri,349,212,Unknown,137
2008,Montana,11,9,Handgun,5
2008,Montana,11,9,Rifle,3
2008,Montana,11,9,Shotgun,1
2008,Montana,11,9,Unknown,2
2008,Nebraska,9,4,Handgun,1
2008,Nebraska,9,4,Rifle,1
2008,Nebraska,9,4,Shotgun,2
2008,Nebraska,9,4,Unknown,5
2008,Nevada,93,67,Handgun,60
2008,Nevada,93,67,Rifle,1
2008,Nevada,93,67,Shotgun,6
2008,Nevada,93,67,Unknown,26
2008,New Hampshire,2,2,Handgun,1
2008,New Hampshire,2,2,Rifle,1
2008,New Hampshire,2,2,Shotgun,0
2008,New Hampshire,2,2,Unknown,0
2008,New Jersey,236,206,Handgun,202
2008,New Jersey,236,206,Rifle,1
2008,New Jersey,236,206,Shotgun,3
2008,New Jersey,236,206,Unknown,30
2008,New Mexico,88,81,Handgun,70
2008,New Mexico,88,81,Rifle,4
2008,New Mexico,88,81,Shotgun,7
2008,New Mexico,88,81,Unknown,7
2008,New York,475,139,Handgun,107
2008,New York,475,139,Rifle,12
2008,New York,475,139,Shotgun,20
2008,New York,475,139,Unknown,336
2008,North Carolina,362,308,Handgun,261
2008,North Carolina,362,308,Rifle,22
2008,North Carolina,362,308,Shotgun,25
2008,North Carolina,362,308,Unknown,54
2008,Ohio,293,185,Handgun,175
2008,Ohio,293,185,Rifle,5
2008,Ohio,293,185,Shotgun,5
2008,Ohio,293,185,Unknown,108
2008,Oklahoma,128,122,Handgun,106
2008,Oklahoma,128,122,Rifle,6
2008,Oklahoma,128,122,Shotgun,10
2008,Oklahoma,128,122,Unknown,6
2008,Oregon,47,28,Handgun,24
2008,Oregon,47,28,Rifle,2
2008,Oregon,47,28,Shotgun,2
2008,Oregon,47,28,Unknown,19
2008,Pennsylvania,521,429,Handgun,398
2008,Pennsylvania,521,429,Rifle,15
2008,Pennsylvania,521,429,Shotgun,16
2008,Pennsylvania,521,429,Unknown,92
2008,Rhode Island,18,9,Handgun,9
2008,Rhode Island,18,9,Rifle,0
2008,Rhode Island,18,9,Shotgun,0
2008,Rhode Island,18,9,Unknown,9
2008,South Carolina,206,152,Handgun,125
2008,South Carolina,206,152,Rifle,9
2008,South Carolina,206,152,Shotgun,18
2008,South Carolina,206,152,Unknown,54
2008,South Dakota,13,6,Handgun,4
2008,South Dakota,13,6,Rifle,0
2008,South Dakota,13,6,Shotgun,2
2008,South Dakota,13,6,Unknown,7
2008,Tennessee,240,200,Handgun,170
2008,Tennessee,240,200,Rifle,11
2008,Tennessee,240,200,Shotgun,19
2008,Tennessee,240,200,Unknown,40
2008,Texas,895,816,Handgun,706
2008,Texas,895,816,Rifle,58
2008,Texas,895,816,Shotgun,52
2008,Texas,895,816,Unknown,79
2008,Utah,19,16,Handgun,16
2008,Utah,19,16,Rifle,0
2008,Utah,19,16,Shotgun,0
2008,Utah,19,16,Unknown,3
2008,Vermont,8,7,Handgun,4
2008,Vermont,8,7,Rifle,3
2008,Vermont,8,7,Shotgun,0
2008,Vermont,8,7,Unknown,1
2008,Virginia,240,146,Handgun,121
2008,Virginia,240,146,Rifle,12
2008,Virginia,240,146,Shotgun,13
2008,Virginia,240,146,Unknown,94
2008,Washington,110,94,Handgun,82
2008,Washington,110,94,Rifle,2
2008,Washington,110,94,Shotgun,10
2008,Washington,110,94,Unknown,16
2008,West Virginia,33,26,Handgun,14
2008,West Virginia,33,26,Rifle,2
2008,West Virginia,33,26,Shotgun,10
2008,West Virginia,33,26,Unknown,7
2008,Wisconsin,80,61,Handgun,51
2008,Wisconsin,80,61,Rifle,7
2008,Wisconsin,80,61,Shotgun,3
2008,Wisconsin,80,61,Unknown,19
2008,Wyoming,4,2,Handgun,2
2008,Wyoming,4,2,Rifle,0
2008,Wyoming,4,2,Shotgun,0
2008,Wyoming,4,2,Unknown,2
2009,Alabama,229,229,Handgun,196
2009,Alabama,229,229,Rifle,1
2009,Alabama,229,229,Shotgun,32
2009,Alabama,229,229,Unknown,0
2009,Alaska,13,1,Handgun,1
2009,Alaska,13,1,Rifle,0
2009,Alaska,13,1,Shotgun,0
2009,Alaska,13,1,Unknown,12
2009,Arizona,197,184,Handgun,164
2009,Arizona,197,184,Rifle,10
2009,Arizona,197,184,Shotgun,10
2009,Arizona,197,184,Unknown,13
2009,Arkansas,107,64,Handgun,54
2009,Arkansas,107,64,Rifle,5
2009,Arkansas,107,64,Shotgun,5
2009,Arkansas,107,64,Unknown,43
2009,California,1360,1116,Handgun,1022
2009,California,1360,1116,Rifle,45
2009,California,1360,1116,Shotgun,49
2009,California,1360,1116,Unknown,244
2009,Colorado,94,67,Handgun,55
2009,Colorado,94,67,Rifle,6
2009,Colorado,94,67,Shotgun,6
2009,Colorado,94,67,Unknown,27
2009,Connecticut,70,53,Handgun,51
2009,Connecticut,70,53,Rifle,0
2009,Connecticut,70,53,Shotgun,2
2009,Connecticut,70,53,Unknown,17
2009,Delaware,31,22,Handgun,20
2009,Delaware,31,22,Rifle,2
2009,Delaware,31,22,Shotgun,0
2009,Delaware,31,22,Unknown,9
2009,District of Columbia,113,82,Handgun,80
2009,District of Columbia,113,82,Rifle,1
2009,District of Columbia,113,82,Shotgun,1
2009,District of Columbia,113,82,Unknown,31
2009,Georgia,378,359,Handgun,323
2009,Georgia,378,359,Rifle,17
2009,Georgia,378,359,Shotgun,19
2009,Georgia,378,359,Unknown,19
2009,Hawaii,8,7,Handgun,4
2009,Hawaii,8,7,Rifle,2
2009,Hawaii,8,7,Shotgun,1
2009,Hawaii,8,7,Unknown,1
2009,Idaho,5,3,Handgun,3
2009,Idaho,5,3,Rifle,0
2009,Idaho,5,3,Shotgun,0
2009,Idaho,5,3,Unknown,2
2009,Illinois,386,373,Handgun,360
2009,Illinois,386,373,Rifle,5
2009,Illinois,386,373,Shotgun,8
2009,Illinois,386,373,Unknown,13
2009,Indiana,209,158,Handgun,136
2009,Indiana,209,158,Rifle,8
2009,Indiana,209,158,Shotgun,14
2009,Indiana,209,158,Unknown,51
2009,Iowa,11,7,Handgun,3
2009,Iowa,11,7,Rifle,1
2009,Iowa,11,7,Shotgun,3
2009,Iowa,11,7,Unknown,4
2009,Kansas,85,47,Handgun,38
2009,Kansas,85,47,Rifle,9
2009,Kansas,85,47,Shotgun,0
2009,Kansas,85,47,Unknown,38
2009,Kentucky,112,101,Handgun,90
2009,Kentucky,112,101,Rifle,5
2009,Kentucky,112,101,Shotgun,6
2009,Kentucky,112,101,Unknown,11
2009,Louisiana,402,361,Handgun,330
2009,Louisiana,402,361,Rifle,20
2009,Louisiana,402,361,Shotgun,11
2009,Louisiana,402,361,Unknown,41
2009,Maine,11,4,Handgun,4
2009,Maine,11,4,Rifle,0
2009,Maine,11,4,Shotgun,0
2009,Maine,11,4,Unknown,7
2009,Maryland,305,305,Handgun,297
2009,Maryland,305,305,Rifle,2
2009,Maryland,305,305,Shotgun,6
2009,Maryland,305,305,Unknown,0
2009,Massachusetts,93,50,Handgun,47
2009,Massachusetts,93,50,Rifle,2
2009,Massachusetts,93,50,Shotgun,1
2009,Massachusetts,93,50,Unknown,43
2009,Michigan,437,283,Handgun,239
2009,Michigan,437,283,Rifle,25
2009,Michigan,437,283,Shotgun,19
2009,Michigan,437,283,Unknown,154
2009,Minnesota,38,37,Handgun,35
2009,Minnesota,38,37,Rifle,1
2009,Minnesota,38,37,Shotgun,1
2009,Minnesota,38,37,Unknown,1
2009,Mississippi,105,98,Handgun,83
2009,Mississippi,105,98,Rifle,9
2009,Mississippi,105,98,Shotgun,6
2009,Mississippi,105,98,Unknown,7
2009,Missouri,276,189,Handgun,170
2009,Missouri,276,189,Rifle,8
2009,Missouri,276,189,Shotgun,11
2009,Missouri,276,189,Unknown,87
2009,Montana,19,16,Handgun,9
2009,Montana,19,16,Rifle,2
2009,Montana,19,16,Shotgun,5
2009,Montana,19,16,Unknown,3
2009,Nebraska,23,23,Handgun,22
2009,Nebraska,23,23,Rifle,1
2009,Nebraska,23,23,Shotgun,0
2009,Nebraska,23,23,Unknown,0
2009,Nevada,91,70,Handgun,66
2009,Nevada,91,70,Rifle,1
2009,Nevada,91,70,Shotgun,3
2009,Nevada,91,70,Unknown,21
2009,New Hampshire,4,1,Handgun,1
2009,New Hampshire,4,1,Rifle,0
2009,New Hampshire,4,1,Shotgun,0
2009,New Hampshire,4,1,Unknown,3
2009,New Jersey,220,198,Handgun,189
2009,New Jersey,220,198,Rifle,3
2009,New Jersey,220,198,Shotgun,6
2009,New Jersey,220,198,Unknown,22
2009,New Mexico,78,59,Handgun,54
2009,New Mexico,78,59,Rifle,2
2009,New Mexico,78,59,Shotgun,3
2009,New Mexico,78,59,Unknown,19
2009,New York,481,138,Handgun,117
2009,New York,481,138,Rifle,8
2009,New York,481,138,Shotgun,13
2009,New York,481,138,Unknown,343
2009,North Carolina,335,280,Handgun,243
2009,North Carolina,335,280,Rifle,17
2009,North Carolina,335,280,Shotgun,20
2009,North Carolina,335,280,Unknown,55
2009,North Dakota,3,3,Handgun,1
2009,North Dakota,3,3,Rifle,1
2009,North Dakota,3,3,Shotgun,1
2009,North Dakota,3,3,Unknown,0
2009,Ohio,311,204,Handgun,193
2009,Ohio,311,204,Rifle,2
2009,Ohio,311,204,Shotgun,9
2009,Ohio,311,204,Unknown,107
2009,Oklahoma,125,118,Handgun,104
2009,Oklahoma,125,118,Rifle,10
2009,Oklahoma,125,118,Shotgun,4
2009,Oklahoma,125,118,Unknown,7
2009,Oregon,41,21,Handgun,9
2009,Oregon,41,21,Rifle,2
2009,Oregon,41,21,Shotgun,10
2009,Oregon,41,21,Unknown,20
2009,Pennsylvania,468,397,Handgun,373
2009,Pennsylvania,468,397,Rifle,13
2009,Pennsylvania,468,397,Shotgun,11
2009,Pennsylvania,468,397,Unknown,71
2009,Rhode Island,18,0,Handgun,0
2009,Rhode Island,18,0,Rifle,0
2009,Rhode Island,18,0,Shotgun,0
2009,Rhode Island,18,0,Unknown,18
2009,South Carolina,197,131,Handgun,115
2009,South Carolina,197,131,Rifle,4
2009,South Carolina,197,131,Shotgun,12
2009,South Carolina,197,131,Unknown,66
2009,South Dakota,4,3,Handgun,0
2009,South Dakota,4,3,Rifle,1
2009,South Dakota,4,3,Shotgun,2
2009,South Dakota,4,3,Unknown,1
2009,Tennessee,295,235,Handgun,200
2009,Tennessee,295,235,Rifle,13
2009,Tennessee,295,235,Shotgun,22
2009,Tennessee,295,235,Unknown,60
2009,Texas,862,774,Handgun,661
2009,Texas,862,774,Rifle,55
2009,Texas,862,774,Shotgun,58
2009,Texas,862,774,Unknown,88
2009,Utah,25,20,Handgun,15
2009,Utah,25,20,Rifle,0
2009,Utah,25,20,Shotgun,5
2009,Utah,25,20,Unknown,5
2009,Virginia,229,123,Handgun,108
2009,Virginia,229,123,Rifle,8
2009,Virginia,229,123,Shotgun,7
2009,Virginia,229,123,Unknown,106
2009,Washington,101,95,Handgun,75
2009,Washington,101,95,Rifle,16
2009,Washington,101,95,Shotgun,4
2009,Washington,101,95,Unknown,6
2009,West Virginia,38,25,Handgun,20
2009,West Virginia,38,25,Rifle,2
2009,West Virginia,38,25,Shotgun,3
2009,West Virginia,38,25,Unknown,13
2009,Wisconsin,95,77,Handgun,65
2009,Wisconsin,95,77,Rifle,3
2009,Wisconsin,95,77,Shotgun,9
2009,Wisconsin,95,77,Unknown,18
2009,Wyoming,8,7,Handgun,7
2009,Wyoming,8,7,Rifle,0
2009,Wyoming,8,7,Shotgun,0
2009,Wyoming,8,7,Unknown,1
2010,Alabama,135,135,Handgun,112
2010,Alabama,135,135,Rifle,0
2010,Alabama,135,135,Shotgun,23
2010,Alabama,135,135,Unknown,0
2010,Alaska,19,9,Handgun,3
2010,Alaska,19,9,Rifle,5
2010,Alaska,19,9,Shotgun,1
2010,Alaska,19,9,Unknown,10
2010,Arizona,232,176,Handgun,152
2010,Arizona,232,176,Rifle,14
2010,Arizona,232,176,Shotgun,10
2010,Arizona,232,176,Unknown,56
2010,Arkansas,93,60,Handgun,49
2010,Arkansas,93,60,Rifle,7
2010,Arkansas,93,60,Shotgun,4
2010,Arkansas,93,60,Unknown,33
2010,California,1257,1056,Handgun,953
2010,California,1257,1056,Rifle,59
2010,California,1257,1056,Shotgun,44
2010,California,1257,1056,Unknown,201
2010,Colorado,65,38,Handgun,34
2010,Colorado,65,38,Rifle,0
2010,Colorado,65,38,Shotgun,4
2010,Colorado,65,38,Unknown,27
2010,Connecticut,97,73,Handgun,72
2010,Connecticut,97,73,Rifle,0
2010,Connecticut,97,73,Shotgun,1
2010,Connecticut,97,73,Unknown,24
2010,Delaware,38,27,Handgun,25
2010,Delaware,38,27,Rifle,0
2010,Delaware,38,27,Shotgun,2
2010,Delaware,38,27,Unknown,11
2010,District of Columbia,99,32,Handgun,32
2010,District of Columbia,99,32,Rifle,0
2010,District of Columbia,99,32,Shotgun,0
2010,District of Columbia,99,32,Unknown,67
2010,Georgia,376,355,Handgun,315
2010,Georgia,376,355,Rifle,19
2010,Georgia,376,355,Shotgun,21
2010,Georgia,376,355,Unknown,21
2010,Hawaii,7,6,Handgun,6
2010,Hawaii,7,6,Rifle,0
2010,Hawaii,7,6,Shotgun,0
2010,Hawaii,7,6,Unknown,1
2010,Idaho,12,12,Handgun,12
2010,Idaho,12,12,Rifle,0
2010,Idaho,12,12,Shotgun,0
2010,Idaho,12,12,Unknown,0
2010,Illinois,364,359,Handgun,355
2010,Illinois,364,359,Rifle,3
2010,Illinois,364,359,Shotgun,1
2010,Illinois,364,359,Unknown,5
2010,Indiana,142,101,Handgun,83
2010,Indiana,142,101,Rifle,11
2010,Indiana,142,101,Shotgun,7
2010,Indiana,142,101,Unknown,41
2010,Iowa,21,14,Handgun,9
2010,Iowa,21,14,Rifle,1
2010,Iowa,21,14,Shotgun,4
2010,Iowa,21,14,Unknown,7
2010,Kansas,63,35,Handgun,30
2010,Kansas,63,35,Rifle,4
2010,Kansas,63,35,Shotgun,1
2010,Kansas,63,35,Unknown,28
2010,Kentucky,116,98,Handgun,76
2010,Kentucky,116,98,Rifle,6
2010,Kentucky,116,98,Shotgun,16
2010,Kentucky,116,98,Unknown,18
2010,Louisiana,351,293,Handgun,263
2010,Louisiana,351,293,Rifle,19
2010,Louisiana,351,293,Shotgun,11
2010,Louisiana,351,293,Unknown,58
2010,Maine,11,7,Handgun,4
2010,Maine,11,7,Rifle,2
2010,Maine,11,7,Shotgun,1
2010,Maine,11,7,Unknown,4
2010,Maryland,293,287,Handgun,272
2010,Maryland,293,287,Rifle,3
2010,Maryland,293,287,Shotgun,12
2010,Maryland,293,287,Unknown,6
2010,Massachusetts,118,53,Handgun,52
2010,Massachusetts,118,53,Rifle,0
2010,Massachusetts,118,53,Shotgun,1
2010,Massachusetts,118,53,Unknown,65
2010,Michigan,413,278,Handgun,239
2010,Michigan,413,278,Rifle,25
2010,Michigan,413,278,Shotgun,14
2010,Michigan,413,278,Unknown,135
2010,Minnesota,53,53,Handgun,43
2010,Minnesota,53,53,Rifle,2
2010,Minnesota,53,53,Shotgun,8
2010,Minnesota,53,53,Unknown,0
2010,Mississippi,120,113,Handgun,98
2010,Mississippi,120,113,Rifle,3
2010,Mississippi,120,113,Shotgun,12
2010,Mississippi,120,113,Unknown,7
2010,Missouri,321,219,Handgun,189
2010,Missouri,321,219,Rifle,26
2010,Missouri,321,219,Shotgun,4
2010,Missouri,321,219,Unknown,102
2010,Montana,12,12,Handgun,6
2010,Montana,12,12,Rifle,2
2010,Montana,12,12,Shotgun,4
2010,Montana,12,12,Unknown,0
2010,Nebraska,32,32,Handgun,29
2010,Nebraska,32,32,Rifle,1
2010,Nebraska,32,32,Shotgun,2
2010,Nebraska,32,32,Unknown,0
2010,Nevada,84,68,Handgun,57
2010,Nevada,84,68,Rifle,5
2010,Nevada,84,68,Shotgun,6
2010,Nevada,84,68,Unknown,16
2010,New Hampshire,5,4,Handgun,2
2010,New Hampshire,5,4,Rifle,0
2010,New Hampshire,5,4,Shotgun,2
2010,New Hampshire,5,4,Unknown,1
2010,New Jersey,246,225,Handgun,216
2010,New Jersey,246,225,Rifle,7
2010,New Jersey,246,225,Shotgun,2
2010,New Jersey,246,225,Unknown,21
2010,New Mexico,67,44,Handgun,36
2010,New Mexico,67,44,Rifle,6
2010,New Mexico,67,44,Shotgun,2
2010,New Mexico,67,44,Unknown,23
2010,New York,517,153,Handgun,135
2010,New York,517,153,Rifle,6
2010,New York,517,153,Shotgun,12
2010,New York,517,153,Unknown,364
2010,North Carolina,286,234,Handgun,188
2010,North Carolina,286,234,Rifle,21
2010,North Carolina,286,234,Shotgun,25
2010,North Carolina,286,234,Unknown,52
2010,North Dakota,4,4,Handgun,3
2010,North Dakota,4,4,Rifle,0
2010,North Dakota,4,4,Shotgun,1
2010,North Dakota,4,4,Unknown,0
2010,Ohio,310,185,Handgun,176
2010,Ohio,310,185,Rifle,7
2010,Ohio,310,185,Shotgun,2
2010,Ohio,310,185,Unknown,125
2010,Oklahoma,111,101,Handgun,86
2010,Oklahoma,111,101,Rifle,8
2010,Oklahoma,111,101,Shotgun,7
2010,Oklahoma,111,101,Unknown,10
2010,Oregon,36,23,Handgun,20
2010,Oregon,36,23,Rifle,1
2010,Oregon,36,23,Shotgun,2
2010,Oregon,36,23,Unknown,13
2010,Pennsylvania,457,386,Handgun,367
2010,Pennsylvania,457,386,Rifle,8
2010,Pennsylvania,457,386,Shotgun,11
2010,Pennsylvania,457,386,Unknown,71
2010,Rhode Island,16,4,Handgun,2
2010,Rhode Island,16,4,Rifle,1
2010,Rhode Island,16,4,Shotgun,1
2010,Rhode Island,16,4,Unknown,12
2010,South Carolina,207,151,Handgun,136
2010,South Carolina,207,151,Rifle,8
2010,South Carolina,207,151,Shotgun,7
2010,South Carolina,207,151,Unknown,56
2010,South Dakota,8,4,Handgun,3
2010,South Dakota,8,4,Rifle,0
2010,South Dakota,8,4,Shotgun,1
2010,South Dakota,8,4,Unknown,4
2010,Tennessee,219,169,Handgun,146
2010,Tennessee,219,169,Rifle,12
2010,Tennessee,219,169,Shotgun,11
2010,Tennessee,219,169,Unknown,50
2010,Texas,805,663,Handgun,581
2010,Texas,805,663,Rifle,34
2010,Texas,805,663,Shotgun,48
2010,Texas,805,663,Unknown,142
2010,Utah,22,17,Handgun,16
2010,Utah,22,17,Rifle,0
2010,Utah,22,17,Shotgun,1
2010,Utah,22,17,Unknown,5
2010,Vermont,2,2,Handgun,1
2010,Vermont,2,2,Rifle,1
2010,Vermont,2,2,Shotgun,0
2010,Vermont,2,2,Unknown,0
2010,Virgin Islands,41,37,Handgun,36
2010,Virgin Islands,41,37,Rifle,1
2010,Virgin Islands,41,37,Shotgun,0
2010,Virgin Islands,41,37,Unknown,4
2010,Virginia,250,158,Handgun,137
2010,Virginia,250,158,Rifle,9
2010,Virginia,250,158,Shotgun,12
2010,Virginia,250,158,Unknown,92
2010,Washington,93,79,Handgun,73
2010,Washington,93,79,Rifle,4
2010,Washington,93,79,Shotgun,2
2010,Washington,93,79,Unknown,14
2010,West Virginia,27,20,Handgun,16
2010,West Virginia,27,20,Rifle,0
2010,West Virginia,27,20,Shotgun,4
2010,West Virginia,27,20,Unknown,7
2010,Wisconsin,97,74,Handgun,63
2010,Wisconsin,97,74,Rifle,5
2010,Wisconsin,97,74,Shotgun,6
2010,Wisconsin,97,74,Unknown,23
2010,Wyoming,5,2,Handgun,0
2010,Wyoming,5,2,Rifle,2
2010,Wyoming,5,2,Shotgun,0
2010,Wyoming,5,2,Unknown,3
2011,Alaska,16,8,Handgun,5
2011,Alaska,16,8,Rifle,0
2011,Alaska,16,8,Shotgun,3
2011,Alaska,16,8,Unknown,8
2011,Arizona,222,188,Handgun,165
2011,Arizona,222,188,Rifle,14
2011,Arizona,222,188,Shotgun,9
2011,Arizona,222,188,Unknown,34
2011,Arkansas,110,62,Handgun,52
2011,Arkansas,110,62,Rifle,4
2011,Arkansas,110,62,Shotgun,6
2011,Arkansas,110,62,Unknown,48
2011,California,1220,961,Handgun,866
2011,California,1220,961,Rifle,45
2011,California,1220,961,Shotgun,50
2011,California,1220,961,Unknown,259
2011,Colorado,73,47,Handgun,39
2011,Colorado,73,47,Rifle,3
2011,Colorado,73,47,Shotgun,5
2011,Colorado,73,47,Unknown,26
2011,Connecticut,94,56,Handgun,54
2011,Connecticut,94,56,Rifle,1
2011,Connecticut,94,56,Shotgun,1
2011,Connecticut,94,56,Unknown,38
2011,Delaware,28,21,Handgun,18
2011,Delaware,28,21,Rifle,0
2011,Delaware,28,21,Shotgun,3
2011,Delaware,28,21,Unknown,7
2011,District of Columbia,77,38,Handgun,37
2011,District of Columbia,77,38,Rifle,0
2011,District of Columbia,77,38,Shotgun,1
2011,District of Columbia,77,38,Unknown,39
2011,Georgia,370,358,Handgun,326
2011,Georgia,370,358,Rifle,16
2011,Georgia,370,358,Shotgun,16
2011,Georgia,370,358,Unknown,12
2011,Hawaii,1,1,Handgun,0
2011,Hawaii,1,1,Rifle,1
2011,Hawaii,1,1,Shotgun,0
2011,Hawaii,1,1,Unknown,0
2011,Idaho,17,16,Handgun,15
2011,Idaho,17,16,Rifle,1
2011,Idaho,17,16,Shotgun,0
2011,Idaho,17,16,Unknown,1
2011,Illinois,377,370,Handgun,364
2011,Illinois,377,370,Rifle,1
2011,Illinois,377,370,Shotgun,5
2011,Illinois,377,370,Unknown,7
2011,Indiana,183,136,Handgun,115
2011,Indiana,183,136,Rifle,9
2011,Indiana,183,136,Shotgun,12
2011,Indiana,183,136,Unknown,47
2011,Iowa,19,9,Handgun,7
2011,Iowa,19,9,Rifle,0
2011,Iowa,19,9,Shotgun,2
2011,Iowa,19,9,Unknown,10
2011,Kansas,73,39,Handgun,31
2011,Kansas,73,39,Rifle,3
2011,Kansas,73,39,Shotgun,5
2011,Kansas,73,39,Unknown,34
2011,Kentucky,100,88,Handgun,77
2011,Kentucky,100,88,Rifle,6
2011,Kentucky,100,88,Shotgun,5
2011,Kentucky,100,88,Unknown,12
2011,Louisiana,402,390,Handgun,372
2011,Louisiana,402,390,Rifle,10
2011,Louisiana,402,390,Shotgun,8
2011,Louisiana,402,390,Unknown,12
2011,Maine,12,5,Handgun,3
2011,Maine,12,5,Rifle,1
2011,Maine,12,5,Shotgun,1
2011,Maine,12,5,Unknown,7
2011,Maryland,272,269,Handgun,262
2011,Maryland,272,269,Rifle,2
2011,Maryland,272,269,Shotgun,5
2011,Maryland,272,269,Unknown,3
2011,Massachusetts,122,53,Handgun,52
2011,Massachusetts,122,53,Rifle,0
2011,Massachusetts,122,53,Shotgun,1
2011,Massachusetts,122,53,Unknown,69
2011,Michigan,450,311,Handgun,267
2011,Michigan,450,311,Rifle,29
2011,Michigan,450,311,Shotgun,15
2011,Michigan,450,311,Unknown,139
2011,Minnesota,43,42,Handgun,36
2011,Minnesota,43,42,Rifle,3
2011,Minnesota,43,42,Shotgun,3
2011,Minnesota,43,42,Unknown,1
2011,Mississippi,138,131,Handgun,121
2011,Mississippi,138,131,Rifle,6
2011,Mississippi,138,131,Shotgun,4
2011,Mississippi,138,131,Unknown,7
2011,Missouri,276,180,Handgun,158
2011,Missouri,276,180,Rifle,13
2011,Missouri,276,180,Shotgun,9
2011,Missouri,276,180,Unknown,96
2011,Montana,7,6,Handgun,2
2011,Montana,7,6,Rifle,3
2011,Montana,7,6,Shotgun,1
2011,Montana,7,6,Unknown,1
2011,Nebraska,42,38,Handgun,35
2011,Nebraska,42,38,Rifle,2
2011,Nebraska,42,38,Shotgun,1
2011,Nebraska,42,38,Unknown,4
2011,Nevada,75,49,Handgun,46
2011,Nevada,75,49,Rifle,2
2011,Nevada,75,49,Shotgun,1
2011,Nevada,75,49,Unknown,26
2011,New Hampshire,6,4,Handgun,1
2011,New Hampshire,6,4,Rifle,2
2011,New Hampshire,6,4,Shotgun,1
2011,New Hampshire,6,4,Unknown,2
2011,New Jersey,269,244,Handgun,238
2011,New Jersey,269,244,Rifle,1
2011,New Jersey,269,244,Shotgun,5
2011,New Jersey,269,244,Unknown,25
2011,New Mexico,60,49,Handgun,45
2011,New Mexico,60,49,Rifle,2
2011,New Mexico,60,49,Shotgun,2
2011,New Mexico,60,49,Unknown,11
2011,New York,445,415,Handgun,394
2011,New York,445,415,Rifle,5
2011,New York,445,415,Shotgun,16
2011,New York,445,415,Unknown,30
2011,North Carolina,335,280,Handgun,235
2011,North Carolina,335,280,Rifle,26
2011,North Carolina,335,280,Shotgun,19
2011,North Carolina,335,280,Unknown,55
2011,North Dakota,6,3,Handgun,3
2011,North Dakota,6,3,Rifle,0
2011,North Dakota,6,3,Shotgun,0
2011,North Dakota,6,3,Unknown,3
2011,Ohio,344,208,Handgun,187
2011,Ohio,344,208,Rifle,8
2011,Ohio,344,208,Shotgun,13
2011,Ohio,344,208,Unknown,136
2011,Oklahoma,131,116,Handgun,99
2011,Oklahoma,131,116,Rifle,8
2011,Oklahoma,131,116,Shotgun,9
2011,Oklahoma,131,116,Unknown,15
2011,Oregon,40,16,Handgun,13
2011,Oregon,40,16,Rifle,1
2011,Oregon,40,16,Shotgun,2
2011,Oregon,40,16,Unknown,24
2011,Pennsylvania,470,406,Handgun,379
2011,Pennsylvania,470,406,Rifle,8
2011,Pennsylvania,470,406,Shotgun,19
2011,Pennsylvania,470,406,Unknown,64
2011,Rhode Island,5,1,Handgun,1
2011,Rhode Island,5,1,Rifle,0
2011,Rhode Island,5,1,Shotgun,0
2011,Rhode Island,5,1,Unknown,4
2011,South Carolina,223,148,Handgun,126
2011,South Carolina,223,148,Rifle,10
2011,South Carolina,223,148,Shotgun,12
2011,South Carolina,223,148,Unknown,75
2011,South Dakota,5,4,Handgun,3
2011,South Dakota,5,4,Rifle,1
2011,South Dakota,5,4,Shotgun,0
2011,South Dakota,5,4,Unknown,1
2011,Tennessee,244,192,Handgun,172
2011,Tennessee,244,192,Rifle,7
2011,Tennessee,244,192,Shotgun,13
2011,Tennessee,244,192,Unknown,52
2011,Texas,699,582,Handgun,497
2011,Texas,699,582,Rifle,37
2011,Texas,699,582,Shotgun,48
2011,Texas,699,582,Unknown,117
2011,Utah,26,20,Handgun,15
2011,Utah,26,20,Rifle,4
2011,Utah,26,20,Shotgun,1
2011,Utah,26,20,Unknown,6
2011,Vermont,4,2,Handgun,2
2011,Vermont,4,2,Rifle,0
2011,Vermont,4,2,Shotgun,0
2011,Vermont,4,2,Unknown,2
2011,Virgin Islands,31,27,Handgun,27
2011,Virgin Islands,31,27,Rifle,0
2011,Virgin Islands,31,27,Shotgun,0
2011,Virgin Islands,31,27,Unknown,4
2011,Virginia,208,135,Handgun,110
2011,Virginia,208,135,Rifle,10
2011,Virginia,208,135,Shotgun,15
2011,Virginia,208,135,Unknown,73
2011,Washington,79,62,Handgun,58
2011,Washington,79,62,Rifle,1
2011,Washington,79,62,Shotgun,3
2011,Washington,79,62,Unknown,17
2011,West Virginia,43,36,Handgun,23
2011,West Virginia,43,36,Rifle,10
2011,West Virginia,43,36,Shotgun,3
2011,West Virginia,43,36,Unknown,7
2011,Wisconsin,80,70,Handgun,60
2011,Wisconsin,80,70,Rifle,7
2011,Wisconsin,80,70,Shotgun,3
2011,Wisconsin,80,70,Unknown,10
2011,Wyoming,11,7,Handgun,7
2011,Wyoming,11,7,Rifle,0
2011,Wyoming,11,7,Shotgun,0
2011,Wyoming,11,7,Unknown,4
2012,Alaska,11,1,Handgun,1
2012,Alaska,11,1,Rifle,0
2012,Alaska,11,1,Shotgun,0
2012,Alaska,11,1,Unknown,10
2012,Arizona,211,178,Handgun,157
2012,Arizona,211,178,Rifle,12
2012,Arizona,211,178,Shotgun,9
2012,Arizona,211,178,Unknown,33
2012,Arkansas,108,65,Handgun,55
2012,Arkansas,108,65,Rifle,4
2012,Arkansas,108,65,Shotgun,6
2012,Arkansas,108,65,Unknown,43
2012,California,1304,989,Handgun,899
2012,California,1304,989,Rifle,38
2012,California,1304,989,Shotgun,52
2012,California,1304,989,Unknown,315
2012,Colorado,92,69,Handgun,61
2012,Colorado,92,69,Rifle,3
2012,Colorado,92,69,Shotgun,5
2012,Colorado,92,69,Unknown,23
2012,Connecticut,112,78,Handgun,50
2012,Connecticut,112,78,Rifle,27
2012,Connecticut,112,78,Shotgun,1
2012,Connecticut,112,78,Unknown,34
2012,Delaware,41,28,Handgun,25
2012,Delaware,41,28,Rifle,1
2012,Delaware,41,28,Shotgun,2
2012,Delaware,41,28,Unknown,13
2012,Georgia,390,366,Handgun,344
2012,Georgia,390,366,Rifle,10
2012,Georgia,390,366,Shotgun,12
2012,Georgia,390,366,Unknown,24
2012,Hawaii,3,3,Handgun,3
2012,Hawaii,3,3,Rifle,0
2012,Hawaii,3,3,Shotgun,0
2012,Hawaii,3,3,Unknown,0
2012,Idaho,17,15,Handgun,12
2012,Idaho,17,15,Rifle,1
2012,Idaho,17,15,Shotgun,2
2012,Idaho,17,15,Unknown,2
2012,Illinois,439,435,Handgun,429
2012,Illinois,439,435,Rifle,4
2012,Illinois,439,435,Shotgun,2
2012,Illinois,439,435,Unknown,4
2012,Indiana,205,144,Handgun,128
2012,Indiana,205,144,Rifle,9
2012,Indiana,205,144,Shotgun,7
2012,Indiana,205,144,Unknown,61
2012,Iowa,25,17,Handgun,13
2012,Iowa,25,17,Rifle,3
2012,Iowa,25,17,Shotgun,1
2012,Iowa,25,17,Unknown,8
2012,Kansas,50,38,Handgun,36
2012,Kansas,50,38,Rifle,1
2012,Kansas,50,38,Shotgun,1
2012,Kansas,50,38,Unknown,12
2012,Kentucky,122,113,Handgun,101
2012,Kentucky,122,113,Rifle,4
2012,Kentucky,122,113,Shotgun,8
2012,Kentucky,122,113,Unknown,9
2012,Louisiana,370,358,Handgun,341
2012,Louisiana,370,358,Rifle,9
2012,Louisiana,370,358,Shotgun,8
2012,Louisiana,370,358,Unknown,12
2012,Maine,14,7,Handgun,6
2012,Maine,14,7,Rifle,1
2012,Maine,14,7,Shotgun,0
2012,Maine,14,7,Unknown,7
2012,Maryland,277,272,Handgun,265
2012,Maryland,277,272,Rifle,5
2012,Maryland,277,272,Shotgun,2
2012,Maryland,277,272,Unknown,5
2012,Massachusetts,70,33,Handgun,32
2012,Massachusetts,70,33,Rifle,0
2012,Massachusetts,70,33,Shotgun,1
2012,Massachusetts,70,33,Unknown,37
2012,Michigan,536,364,Handgun,309
2012,Michigan,536,364,Rifle,36
2012,Michigan,536,364,Shotgun,19
2012,Michigan,536,364,Unknown,172
2012,Minnesota,41,41,Handgun,37
2012,Minnesota,41,41,Rifle,2
2012,Minnesota,41,41,Shotgun,2
2012,Minnesota,41,41,Unknown,0
2012,Mississippi,132,111,Handgun,99
2012,Mississippi,132,111,Rifle,7
2012,Mississippi,132,111,Shotgun,5
2012,Mississippi,132,111,Unknown,21
2012,Missouri,283,169,Handgun,153
2012,Missouri,283,169,Rifle,8
2012,Missouri,283,169,Shotgun,8
2012,Missouri,283,169,Unknown,114
2012,Montana,11,10,Handgun,8
2012,Montana,11,10,Rifle,2
2012,Montana,11,10,Shotgun,0
2012,Montana,11,10,Unknown,1
2012,Nebraska,42,40,Handgun,37
2012,Nebraska,42,40,Rifle,2
2012,Nebraska,42,40,Shotgun,1
2012,Nebraska,42,40,Unknown,2
2012,Nevada,70,44,Handgun,41
2012,Nevada,70,44,Rifle,1
2012,Nevada,70,44,Shotgun,2
2012,Nevada,70,44,Unknown,26
2012,New Hampshire,9,4,Handgun,4
2012,New Hampshire,9,4,Rifle,0
2012,New Hampshire,9,4,Shotgun,0
2012,New Hampshire,9,4,Unknown,5
2012,New Jersey,273,246,Handgun,237
2012,New Jersey,273,246,Rifle,6
2012,New Jersey,273,246,Shotgun,3
2012,New Jersey,273,246,Unknown,27
2012,New Mexico,67,52,Handgun,42
2012,New Mexico,67,52,Rifle,5
2012,New Mexico,67,52,Shotgun,5
2012,New Mexico,67,52,Unknown,15
2012,New York,407,375,Handgun,358
2012,New York,407,375,Rifle,11
2012,New York,407,375,Shotgun,6
2012,New York,407,375,Unknown,32
2012,North Carolina,309,250,Handgun,208
2012,North Carolina,309,250,Rifle,12
2012,North Carolina,309,250,Shotgun,30
2012,North Carolina,309,250,Unknown,59
2012,North Dakota,4,2,Handgun,1
2012,North Dakota,4,2,Rifle,0
2012,North Dakota,4,2,Shotgun,1
2012,North Dakota,4,2,Unknown,2
2012,Ohio,278,189,Handgun,176
2012,Ohio,278,189,Rifle,5
2012,Ohio,278,189,Shotgun,8
2012,Ohio,278,189,Unknown,89
2012,Oklahoma,149,141,Handgun,121
2012,Oklahoma,149,141,Rifle,10
2012,Oklahoma,149,141,Shotgun,10
2012,Oklahoma,149,141,Unknown,8
2012,Oregon,42,16,Handgun,11
2012,Oregon,42,16,Rifle,2
2012,Oregon,42,16,Shotgun,3
2012,Oregon,42,16,Unknown,26
2012,Pennsylvania,522,431,Handgun,412
2012,Pennsylvania,522,431,Rifle,9
2012,Pennsylvania,522,431,Shotgun,10
2012,Pennsylvania,522,431,Unknown,91
2012,Rhode Island,19,7,Handgun,7
2012,Rhode Island,19,7,Rifle,0
2012,Rhode Island,19,7,Shotgun,0
2012,Rhode Island,19,7,Unknown,12
2012,South Carolina,237,156,Handgun,134
2012,South Carolina,237,156,Rifle,9
2012,South Carolina,237,156,Shotgun,13
2012,South Carolina,237,156,Unknown,81
2012,South Dakota,4,4,Handgun,2
2012,South Dakota,4,4,Rifle,1
2012,South Dakota,4,4,Shotgun,1
2012,South Dakota,4,4,Unknown,0
2012,Tennessee,254,196,Handgun,183
2012,Tennessee,254,196,Rifle,7
2012,Tennessee,254,196,Shotgun,6
2012,Tennessee,254,196,Unknown,58
2012,Texas,745,562,Handgun,493
2012,Texas,745,562,Rifle,28
2012,Texas,745,562,Shotgun,41
2012,Texas,745,562,Unknown,183
2012,Utah,29,25,Handgun,22
2012,Utah,29,25,Rifle,2
2012,Utah,29,25,Shotgun,1
2012,Utah,29,25,Unknown,4
2012,Vermont,2,2,Handgun,2
2012,Vermont,2,2,Rifle,0
2012,Vermont,2,2,Shotgun,0
2012,Vermont,2,2,Unknown,0
2012,Virgin Islands,42,31,Handgun,28
2012,Virgin Islands,42,31,Rifle,2
2012,Virgin Islands,42,31,Shotgun,1
2012,Virgin Islands,42,31,Unknown,11
2012,Virginia,220,114,Handgun,103
2012,Virginia,220,114,Rifle,9
2012,Virginia,220,114,Shotgun,2
2012,Virginia,220,114,Unknown,106
2012,Washington,106,78,Handgun,71
2012,Washington,106,78,Rifle,4
2012,Washington,106,78,Shotgun,3
2012,Washington,106,78,Unknown,28
2012,West Virginia,47,33,Handgun,26
2012,West Virginia,47,33,Rifle,5
2012,West Virginia,47,33,Shotgun,2
2012,West Virginia,47,33,Unknown,14
2012,Wisconsin,108,91,Handgun,85
2012,Wisconsin,108,91,Rifle,5
2012,Wisconsin,108,91,Shotgun,1
2012,Wisconsin,108,91,Unknown,17
2012,Wyoming,5,2,Handgun,2
2012,Wyoming,5,2,Rifle,0
2012,Wyoming,5,2,Shotgun,0
2012,Wyoming,5,2,Unknown,3
2013,Alaska,12,9,Handgun,5
2013,Alaska,12,9,Rifle,3
2013,Alaska,12,9,Shotgun,1
2013,Alaska,12,9,Unknown,3
2013,Arizona,184,155,Handgun,133
2013,Arizona,184,155,Rifle,11
2013,Arizona,184,155,Shotgun,11
2013,Arizona,184,155,Unknown,29
2013,Arkansas,110,63,Handgun,53
2013,Arkansas,110,63,Rifle,5
2013,Arkansas,110,63,Shotgun,5
2013,Arkansas,110,63,Unknown,47
2013,California,1224,882,Handgun,805
2013,California,1224,882,Rifle,29
2013,California,1224,882,Shotgun,48
2013,California,1224,882,Unknown,342
2013,Colorado,88,54,Handgun,46
2013,Colorado,88,54,Rifle,5
2013,Colorado,88,54,Shotgun,3
2013,Colorado,88,54,Unknown,34
2013,Connecticut,60,34,Handgun,34
2013,Connecticut,60,34,Rifle,0
2013,Connecticut,60,34,Shotgun,0
2013,Connecticut,60,34,Unknown,26
2013,Delaware,33,23,Handgun,22
2013,Delaware,33,23,Rifle,1
2013,Delaware,33,23,Shotgun,0
2013,Delaware,33,23,Unknown,10
2013,District of Columbia,81,32,Handgun,30
2013,District of Columbia,81,32,Rifle,1
2013,District of Columbia,81,32,Shotgun,1
2013,District of Columbia,81,32,Unknown,49
2013,Georgia,411,369,Handgun,348
2013,Georgia,411,369,Rifle,11
2013,Georgia,411,369,Shotgun,10
2013,Georgia,411,369,Unknown,42
2013,Guam,2,1,Handgun,1
2013,Guam,2,1,Rifle,0
2013,Guam,2,1,Shotgun,0
2013,Guam,2,1,Unknown,1
2013,Hawaii,6,5,Handgun,1
2013,Hawaii,6,5,Rifle,2
2013,Hawaii,6,5,Shotgun,2
2013,Hawaii,6,5,Unknown,1
2013,Idaho,15,11,Handgun,10
2013,Idaho,15,11,Rifle,1
2013,Idaho,15,11,Shotgun,0
2013,Idaho,15,11,Unknown,4
2013,Illinois,364,357,Handgun,352
2013,Illinois,364,357,Rifle,3
2013,Illinois,364,357,Shotgun,2
2013,Illinois,364,357,Unknown,7
2013,Indiana,238,162,Handgun,149
2013,Indiana,238,162,Rifle,6
2013,Indiana,238,162,Shotgun,7
2013,Indiana,238,162,Unknown,76
2013,Iowa,18,10,Handgun,8
2013,Iowa,18,10,Rifle,1
2013,Iowa,18,10,Shotgun,1
2013,Iowa,18,10,Unknown,8
2013,Kansas,78,53,Handgun,39
2013,Kansas,78,53,Rifle,9
2013,Kansas,78,53,Shotgun,5
2013,Kansas,78,53,Unknown,25
2013,Kentucky,111,98,Handgun,82
2013,Kentucky,111,98,Rifle,10
2013,Kentucky,111,98,Shotgun,6
2013,Kentucky,111,98,Unknown,13
2013,Louisiana,356,315,Handgun,298
2013,Louisiana,356,315,Rifle,8
2013,Louisiana,356,315,Shotgun,9
2013,Louisiana,356,315,Unknown,41
2013,Maine,12,6,Handgun,3
2013,Maine,12,6,Rifle,2
2013,Maine,12,6,Shotgun,1
2013,Maine,12,6,Unknown,6
2013,Maryland,268,267,Handgun,263
2013,Maryland,268,267,Rifle,0
2013,Maryland,268,267,Shotgun,4
2013,Maryland,268,267,Unknown,1
2013,Massachusetts,78,37,Handgun,35
2013,Massachusetts,78,37,Rifle,2
2013,Massachusetts,78,37,Shotgun,0
2013,Massachusetts,78,37,Unknown,41
2013,Michigan,440,242,Handgun,203
2013,Michigan,440,242,Rifle,16
2013,Michigan,440,242,Shotgun,23
2013,Michigan,440,242,Unknown,198
2013,Minnesota,60,57,Handgun,53
2013,Minnesota,60,57,Rifle,0
2013,Minnesota,60,57,Shotgun,4
2013,Minnesota,60,57,Unknown,3
2013,Mississippi,110,91,Handgun,80
2013,Mississippi,110,91,Rifle,3
2013,Mississippi,110,91,Shotgun,8
2013,Mississippi,110,91,Unknown,19
2013,Missouri,273,157,Handgun,137
2013,Missouri,273,157,Rifle,14
2013,Missouri,273,157,Shotgun,6
2013,Missouri,273,157,Unknown,116
2013,Montana,9,6,Handgun,5
2013,Montana,9,6,Rifle,0
2013,Montana,9,6,Shotgun,1
2013,Montana,9,6,Unknown,3
2013,Nebraska,39,13,Handgun,11
2013,Nebraska,39,13,Rifle,2
2013,Nebraska,39,13,Shotgun,0
2013,Nebraska,39,13,Unknown,26
2013,Nevada,87,29,Handgun,26
2013,Nevada,87,29,Rifle,0
2013,Nevada,87,29,Shotgun,3
2013,Nevada,87,29,Unknown,58
2013,New Hampshire,5,3,Handgun,3
2013,New Hampshire,5,3,Rifle,0
2013,New Hampshire,5,3,Shotgun,0
2013,New Hampshire,5,3,Unknown,2
2013,New Jersey,291,231,Handgun,229
2013,New Jersey,291,231,Rifle,0
2013,New Jersey,291,231,Shotgun,2
2013,New Jersey,291,231,Unknown,60
2013,New Mexico,59,53,Handgun,46
2013,New Mexico,59,53,Rifle,5
2013,New Mexico,59,53,Shotgun,2
2013,New Mexico,59,53,Unknown,6
2013,New York,362,313,Handgun,290
2013,New York,362,313,Rifle,4
2013,New York,362,313,Shotgun,19
2013,New York,362,313,Unknown,49
2013,North Carolina,315,239,Handgun,204
2013,North Carolina,315,239,Rifle,27
2013,North Carolina,315,239,Shotgun,8
2013,North Carolina,315,239,Unknown,76
2013,North Dakota,4,2,Handgun,0
2013,North Dakota,4,2,Rifle,2
2013,North Dakota,4,2,Shotgun,0
2013,North Dakota,4,2,Unknown,2
2013,Ohio,309,215,Handgun,208
2013,Ohio,309,215,Rifle,3
2013,Ohio,309,215,Shotgun,4
2013,Ohio,309,215,Unknown,94
2013,Oklahoma,127,122,Handgun,108
2013,Oklahoma,127,122,Rifle,6
2013,Oklahoma,127,122,Shotgun,8
2013,Oklahoma,127,122,Unknown,5
2013,Oregon,43,19,Handgun,15
2013,Oregon,43,19,Rifle,0
2013,Oregon,43,19,Shotgun,4
2013,Oregon,43,19,Unknown,24
2013,Pennsylvania,440,370,Handgun,328
2013,Pennsylvania,440,370,Rifle,20
2013,Pennsylvania,440,370,Shotgun,22
2013,Pennsylvania,440,370,Unknown,70
2013,Rhode Island,18,4,Handgun,3
2013,Rhode Island,18,4,Rifle,0
2013,Rhode Island,18,4,Shotgun,1
2013,Rhode Island,18,4,Unknown,14
2013,South Carolina,224,148,Handgun,126
2013,South Carolina,224,148,Rifle,9
2013,South Carolina,224,148,Shotgun,13
2013,South Carolina,224,148,Unknown,76
2013,South Dakota,3,1,Handgun,0
2013,South Dakota,3,1,Rifle,0
2013,South Dakota,3,1,Shotgun,1
2013,South Dakota,3,1,Unknown,2
2013,Tennessee,223,172,Handgun,152
2013,Tennessee,223,172,Rifle,11
2013,Tennessee,223,172,Shotgun,9
2013,Tennessee,223,172,Unknown,51
2013,Texas,760,594,Handgun,530
2013,Texas,760,594,Rifle,34
2013,Texas,760,594,Shotgun,30
2013,Texas,760,594,Unknown,166
2013,Utah,31,28,Handgun,25
2013,Utah,31,28,Rifle,2
2013,Utah,31,28,Shotgun,1
2013,Utah,31,28,Unknown,3
2013,Vermont,5,4,Handgun,1
2013,Vermont,5,4,Rifle,2
2013,Vermont,5,4,Shotgun,1
2013,Vermont,5,4,Unknown,1
2013,Virgin Islands,14,13,Handgun,13
2013,Virgin Islands,14,13,Rifle,0
2013,Virgin Islands,14,13,Shotgun,0
2013,Virgin Islands,14,13,Unknown,1
2013,Virginia,225,135,Handgun,126
2013,Virginia,225,135,Rifle,3
2013,Virginia,225,135,Shotgun,6
2013,Virginia,225,135,Unknown,90
2013,Washington,86,54,Handgun,47
2013,Washington,86,54,Rifle,0
2013,Washington,86,54,Shotgun,7
2013,Washington,86,54,Unknown,32
2013,West Virginia,30,23,Handgun,17
2013,West Virginia,30,23,Rifle,3
2013,West Virginia,30,23,Shotgun,3
2013,West Virginia,30,23,Unknown,7
2013,Wisconsin,103,84,Handgun,72
2013,Wisconsin,103,84,Rifle,6
2013,Wisconsin,103,84,Shotgun,6
2013,Wisconsin,103,84,Unknown,19
2013,Wyoming,9,9,Handgun,6
2013,Wyoming,9,9,Rifle,3
2013,Wyoming,9,9,Shotgun,0
2013,Wyoming,9,9,Unknown,0
2014,Alaska,22,8,Handgun,6
2014,Alaska,22,8,Rifle,0
2014,Alaska,22,8,Shotgun,2
2014,Alaska,22,8,Unknown,14
2014,Arizona,153,128,Handgun,116
2014,Arizona,153,128,Rifle,6
2014,Arizona,153,128,Shotgun,6
2014,Arizona,153,128,Unknown,25
2014,Arkansas,111,68,Handgun,55
2014,Arkansas,111,68,Rifle,3
2014,Arkansas,111,68,Shotgun,10
2014,Arkansas,111,68,Unknown,43
2014,California,1169,846,Handgun,763
2014,California,1169,846,Rifle,40
2014,California,1169,846,Shotgun,43
2014,California,1169,846,Unknown,323
2014,Colorado,91,65,Handgun,60
2014,Colorado,91,65,Rifle,3
2014,Colorado,91,65,Shotgun,2
2014,Colorado,91,65,Unknown,26
2014,Connecticut,51,22,Handgun,19
2014,Connecticut,51,22,Rifle,0
2014,Connecticut,51,22,Shotgun,3
2014,Connecticut,51,22,Unknown,29
2014,Delaware,39,29,Handgun,29
2014,Delaware,39,29,Rifle,0
2014,Delaware,39,29,Shotgun,0
2014,Delaware,39,29,Unknown,10
2014,District of Columbia,73,31,Handgun,30
2014,District of Columbia,73,31,Rifle,0
2014,District of Columbia,73,31,Shotgun,1
2014,District of Columbia,73,31,Unknown,42
2014,Georgia,416,392,Handgun,371
2014,Georgia,416,392,Rifle,11
2014,Georgia,416,392,Shotgun,10
2014,Georgia,416,392,Unknown,24
2014,Hawaii,1,1,Handgun,1
2014,Hawaii,1,1,Rifle,0
2014,Hawaii,1,1,Shotgun,0
2014,Hawaii,1,1,Unknown,0
2014,Idaho,15,12,Handgun,10
2014,Idaho,15,12,Rifle,0
2014,Idaho,15,12,Shotgun,2
2014,Idaho,15,12,Unknown,3
2014,Illinois,371,370,Handgun,364
2014,Illinois,371,370,Rifle,5
2014,Illinois,371,370,Shotgun,1
2014,Illinois,371,370,Unknown,1
2014,Indiana,222,174,Handgun,166
2014,Indiana,222,174,Rifle,5
2014,Indiana,222,174,Shotgun,3
2014,Indiana,222,174,Unknown,48
2014,Iowa,27,14,Handgun,10
2014,Iowa,27,14,Rifle,1
2014,Iowa,27,14,Shotgun,3
2014,Iowa,27,14,Unknown,13
2014,Kansas,56,30,Handgun,22
2014,Kansas,56,30,Rifle,4
2014,Kansas,56,30,Shotgun,4
2014,Kansas,56,30,Unknown,26
2014,Kentucky,112,91,Handgun,85
2014,Kentucky,112,91,Rifle,1
2014,Kentucky,112,91,Shotgun,5
2014,Kentucky,112,91,Unknown,21
2014,Louisiana,319,211,Handgun,189
2014,Louisiana,319,211,Rifle,9
2014,Louisiana,319,211,Shotgun,13
2014,Louisiana,319,211,Unknown,108
2014,Maine,6,6,Handgun,2
2014,Maine,6,6,Rifle,0
2014,Maine,6,6,Shotgun,4
2014,Maine,6,6,Unknown,0
2014,Maryland,208,197,Handgun,190
2014,Maryland,208,197,Rifle,1
2014,Maryland,208,197,Shotgun,6
2014,Maryland,208,197,Unknown,11
2014,Massachusetts,81,33,Handgun,33
2014,Massachusetts,81,33,Rifle,0
2014,Massachusetts,81,33,Shotgun,0
2014,Massachusetts,81,33,Unknown,48
2014,Michigan,342,218,Handgun,209
2014,Michigan,342,218,Rifle,5
2014,Michigan,342,218,Shotgun,4
2014,Michigan,342,218,Unknown,124
2014,Minnesota,42,37,Handgun,33
2014,Minnesota,42,37,Rifle,1
2014,Minnesota,42,37,Shotgun,3
2014,Minnesota,42,37,Unknown,5
2014,Mississippi,122,102,Handgun,97
2014,Mississippi,122,102,Rifle,2
2014,Mississippi,122,102,Shotgun,3
2014,Mississippi,122,102,Unknown,20
2014,Missouri,314,195,Handgun,166
2014,Missouri,314,195,Rifle,24
2014,Missouri,314,195,Shotgun,5
2014,Missouri,314,195,Unknown,119
2014,Montana,17,14,Handgun,12
2014,Montana,17,14,Rifle,0
2014,Montana,17,14,Shotgun,2
2014,Montana,17,14,Unknown,3
2014,Nebraska,32,31,Handgun,24
2014,Nebraska,32,31,Rifle,3
2014,Nebraska,32,31,Shotgun,4
2014,Nebraska,32,31,Unknown,1
2014,Nevada,94,15,Handgun,14
2014,Nevada,94,15,Rifle,1
2014,Nevada,94,15,Shotgun,0
2014,Nevada,94,15,Unknown,79
2014,New Hampshire,6,5,Handgun,3
2014,New Hampshire,6,5,Rifle,2
2014,New Hampshire,6,5,Shotgun,0
2014,New Hampshire,6,5,Unknown,1
2014,New Jersey,243,208,Handgun,200
2014,New Jersey,243,208,Rifle,3
2014,New Jersey,243,208,Shotgun,5
2014,New Jersey,243,208,Unknown,35
2014,New Mexico,53,25,Handgun,21
2014,New Mexico,53,25,Rifle,2
2014,New Mexico,53,25,Shotgun,2
2014,New Mexico,53,25,Unknown,28
2014,New York,344,296,Handgun,283
2014,New York,344,296,Rifle,1
2014,New York,344,296,Shotgun,12
2014,New York,344,296,Unknown,48
2014,North Carolina,318,277,Handgun,242
2014,North Carolina,318,277,Rifle,21
2014,North Carolina,318,277,Shotgun,14
2014,North Carolina,318,277,Unknown,41
2014,North Dakota,6,2,Handgun,1
2014,North Dakota,6,2,Rifle,1
2014,North Dakota,6,2,Shotgun,0
2014,North Dakota,6,2,Unknown,4
2014,Ohio,277,184,Handgun,180
2014,Ohio,277,184,Rifle,0
2014,Ohio,277,184,Shotgun,4
2014,Ohio,277,184,Unknown,93
2014,Oklahoma,104,98,Handgun,88
2014,Oklahoma,104,98,Rifle,5
2014,Oklahoma,104,98,Shotgun,5
2014,Oklahoma,104,98,Unknown,6
2014,Oregon,39,20,Handgun,16
2014,Oregon,39,20,Rifle,2
2014,Oregon,39,20,Shotgun,2
2014,Oregon,39,20,Unknown,19
2014,Pennsylvania,453,372,Handgun,350
2014,Pennsylvania,453,372,Rifle,8
2014,Pennsylvania,453,372,Shotgun,14
2014,Pennsylvania,453,372,Unknown,81
2014,Rhode Island,12,6,Handgun,5
2014,Rhode Island,12,6,Rifle,0
2014,Rhode Island,12,6,Shotgun,1
2014,Rhode Island,12,6,Unknown,6
2014,South Carolina,219,157,Handgun,138
2014,South Carolina,219,157,Rifle,8
2014,South Carolina,219,157,Shotgun,11
2014,South Carolina,219,157,Unknown,62
2014,South Dakota,6,0,Handgun,0
2014,South Dakota,6,0,Rifle,0
2014,South Dakota,6,0,Shotgun,0
2014,South Dakota,6,0,Unknown,6
2014,Tennessee,246,169,Handgun,160
2014,Tennessee,246,169,Rifle,7
2014,Tennessee,246,169,Shotgun,2
2014,Tennessee,246,169,Unknown,77
2014,Texas,765,544,Handgun,483
2014,Texas,765,544,Rifle,33
2014,Texas,765,544,Shotgun,28
2014,Texas,765,544,Unknown,221
2014,Utah,36,31,Handgun,25
2014,Utah,36,31,Rifle,4
2014,Utah,36,31,Shotgun,2
2014,Utah,36,31,Unknown,5
2014,Vermont,6,5,Handgun,3
2014,Vermont,6,5,Rifle,2
2014,Vermont,6,5,Shotgun,0
2014,Vermont,6,5,Unknown,1
2014,Virgin Islands,21,21,Handgun,17
2014,Virgin Islands,21,21,Rifle,0
2014,Virgin Islands,21,21,Shotgun,4
2014,Virgin Islands,21,21,Unknown,0
2014,Virginia,228,138,Handgun,119
2014,Virginia,228,138,Rifle,9
2014,Virginia,228,138,Shotgun,10
2014,Virginia,228,138,Unknown,90
2014,Washington,94,64,Handgun,54
2014,Washington,94,64,Rifle,6
2014,Washington,94,64,Shotgun,4
2014,Washington,94,64,Unknown,30
2014,West Virginia,16,13,Handgun,12
2014,West Virginia,16,13,Rifle,1
2014,West Virginia,16,13,Shotgun,0
2014,West Virginia,16,13,Unknown,3
2014,Wisconsin,117,89,Handgun,79
2014,Wisconsin,117,89,Rifle,8
2014,Wisconsin,117,89,Shotgun,2
2014,Wisconsin,117,89,Unknown,28
2014,Wyoming,8,7,Handgun,6
2014,Wyoming,8,7,Rifle,0
2014,Wyoming,8,7,Shotgun,1
2014,Wyoming,8,7,Unknown,1
2015,Alaska,39,15,Handgun,12
2015,Alaska,39,15,Rifle,2
2015,Alaska,39,15,Shotgun,1
2015,Alaska,39,15,Unknown,24
2015,Arizona,171,135,Handgun,128
2015,Arizona,171,135,Rifle,4
2015,Arizona,171,135,Shotgun,3
2015,Arizona,171,135,Unknown,36
2015,Arkansas,110,65,Handgun,51
2015,Arkansas,110,65,Rifle,10
2015,Arkansas,110,65,Shotgun,4
2015,Arkansas,110,65,Unknown,45
2015,California,1275,922,Handgun,855
2015,California,1275,922,Rifle,34
2015,California,1275,922,Shotgun,33
2015,California,1275,922,Unknown,353
2015,Colorado,115,83,Handgun,65
2015,Colorado,115,83,Rifle,12
2015,Colorado,115,83,Shotgun,6
2015,Colorado,115,83,Unknown,32
2015,Connecticut,73,31,Handgun,29
2015,Connecticut,73,31,Rifle,0
2015,Connecticut,73,31,Shotgun,2
2015,Connecticut,73,31,Unknown,42
2015,Delaware,52,26,Handgun,26
2015,Delaware,52,26,Rifle,0
2015,Delaware,52,26,Shotgun,0
2015,Delaware,52,26,Unknown,26
2015,District of Columbia,121,66,Handgun,65
2015,District of Columbia,121,66,Rifle,1
2015,District of Columbia,121,66,Shotgun,0
2015,District of Columbia,121,66,Unknown,55
2015,Georgia,464,420,Handgun,394
2015,Georgia,464,420,Rifle,16
2015,Georgia,464,420,Shotgun,10
2015,Georgia,464,420,Unknown,44
2015,Guam,3,1,Handgun,1
2015,Guam,3,1,Rifle,0
2015,Guam,3,1,Shotgun,0
2015,Guam,3,1,Unknown,2
2015,Hawaii,4,2,Handgun,1
2015,Hawaii,4,2,Rifle,1
2015,Hawaii,4,2,Shotgun,0
2015,Hawaii,4,2,Unknown,2
2015,Idaho,24,21,Handgun,17
2015,Idaho,24,21,Rifle,4
2015,Idaho,24,21,Shotgun,0
2015,Idaho,24,21,Unknown,3
2015,Illinois,440,434,Handgun,431
2015,Illinois,440,434,Rifle,2
2015,Illinois,440,434,Shotgun,1
2015,Illinois,440,434,Unknown,6
2015,Indiana,209,161,Handgun,147
2015,Indiana,209,161,Rifle,9
2015,Indiana,209,161,Shotgun,5
2015,Indiana,209,161,Unknown,48
2015,Iowa,49,33,Handgun,31
2015,Iowa,49,33,Rifle,0
2015,Iowa,49,33,Shotgun,2
2015,Iowa,49,33,Unknown,16
2015,Kansas,91,59,Handgun,51
2015,Kansas,91,59,Rifle,4
2015,Kansas,91,59,Shotgun,4
2015,Kansas,91,59,Unknown,32
2015,Kentucky,141,101,Handgun,91
2015,Kentucky,141,101,Rifle,1
2015,Kentucky,141,101,Shotgun,9
2015,Kentucky,141,101,Unknown,40
2015,Louisiana,379,223,Handgun,207
2015,Louisiana,379,223,Rifle,7
2015,Louisiana,379,223,Shotgun,9
2015,Louisiana,379,223,Unknown,156
2015,Maine,16,15,Handgun,15
2015,Maine,16,15,Rifle,0
2015,Maine,16,15,Shotgun,0
2015,Maine,16,15,Unknown,1
2015,Maryland,279,272,Handgun,266
2015,Maryland,279,272,Rifle,3
2015,Maryland,279,272,Shotgun,3
2015,Maryland,279,272,Unknown,7
2015,Massachusetts,81,34,Handgun,33
2015,Massachusetts,81,34,Rifle,1
2015,Massachusetts,81,34,Shotgun,0
2015,Massachusetts,81,34,Unknown,47
2015,Michigan,389,168,Handgun,148
2015,Michigan,389,168,Rifle,10
2015,Michigan,389,168,Shotgun,10
2015,Michigan,389,168,Unknown,221
2015,Minnesota,79,62,Handgun,47
2015,Minnesota,79,62,Rifle,6
2015,Minnesota,79,62,Shotgun,9
2015,Minnesota,79,62,Unknown,17
2015,Mississippi,126,110,Handgun,102
2015,Mississippi,126,110,Rifle,3
2015,Mississippi,126,110,Shotgun,5
2015,Mississippi,126,110,Unknown,16
2015,Missouri,418,256,Handgun,233
2015,Missouri,418,256,Rifle,12
2015,Missouri,418,256,Shotgun,11
2015,Missouri,418,256,Unknown,162
2015,Montana,18,13,Handgun,13
2015,Montana,18,13,Rifle,0
2015,Montana,18,13,Shotgun,0
2015,Montana,18,13,Unknown,5
2015,Nebraska,43,43,Handgun,41
2015,Nebraska,43,43,Rifle,1
2015,Nebraska,43,43,Shotgun,1
2015,Nebraska,43,43,Unknown,0
2015,Nevada,113,19,Handgun,17
2015,Nevada,113,19,Rifle,1
2015,Nevada,113,19,Shotgun,1
2015,Nevada,113,19,Unknown,94
2015,New Hampshire,8,4,Handgun,4
2015,New Hampshire,8,4,Rifle,0
2015,New Hampshire,8,4,Shotgun,0
2015,New Hampshire,8,4,Unknown,4
2015,New Jersey,255,203,Handgun,200
2015,New Jersey,255,203,Rifle,3
2015,New Jersey,255,203,Shotgun,0
2015,New Jersey,255,203,Unknown,52
2015,New Mexico,56,17,Handgun,14
2015,New Mexico,56,17,Rifle,1
2015,New Mexico,56,17,Shotgun,2
2015,New Mexico,56,17,Unknown,39
2015,New York,383,337,Handgun,331
2015,New York,383,337,Rifle,1
2015,New York,383,337,Shotgun,5
2015,New York,383,337,Unknown,46
2015,North Carolina,353,266,Handgun,235
2015,North Carolina,353,266,Rifle,10
2015,North Carolina,353,266,Shotgun,21
2015,North Carolina,353,266,Unknown,87
2015,North Dakota,9,5,Handgun,5
2015,North Dakota,9,5,Rifle,0
2015,North Dakota,9,5,Shotgun,0
2015,North Dakota,9,5,Unknown,4
2015,Ohio,316,203,Handgun,184
2015,Ohio,316,203,Rifle,12
2015,Ohio,316,203,Shotgun,7
2015,Ohio,316,203,Unknown,113
2015,Oklahoma,149,130,Handgun,113
2015,Oklahoma,149,130,Rifle,8
2015,Oklahoma,149,130,Shotgun,9
2015,Oklahoma,149,130,Unknown,19
2015,Oregon,34,23,Handgun,17
2015,Oregon,34,23,Rifle,1
2015,Oregon,34,23,Shotgun,5
2015,Oregon,34,23,Unknown,11
2015,Pennsylvania,497,407,Handgun,386
2015,Pennsylvania,497,407,Rifle,10
2015,Pennsylvania,497,407,Shotgun,11
2015,Pennsylvania,497,407,Unknown,90
2015,Rhode Island,10,4,Handgun,3
2015,Rhode Island,10,4,Rifle,0
2015,Rhode Island,10,4,Shotgun,1
2015,Rhode Island,10,4,Unknown,6
2015,South Carolina,312,218,Handgun,201
2015,South Carolina,312,218,Rifle,7
2015,South Carolina,312,218,Shotgun,10
2015,South Carolina,312,218,Unknown,94
2015,South Dakota,12,11,Handgun,5
2015,South Dakota,12,11,Rifle,1
2015,South Dakota,12,11,Shotgun,5
2015,South Dakota,12,11,Unknown,1
2015,Tennessee,297,224,Handgun,204
2015,Tennessee,297,224,Rifle,13
2015,Tennessee,297,224,Shotgun,7
2015,Tennessee,297,224,Unknown,73
2015,Texas,906,665,Handgun,610
2015,Texas,906,665,Rifle,19
2015,Texas,906,665,Shotgun,36
2015,Texas,906,665,Unknown,241
2015,U.S. Virgin Islands,26,13,Handgun,12
2015,U.S. Virgin Islands,26,13,Rifle,1
2015,U.S. Virgin Islands,26,13,Shotgun,0
2015,U.S. Virgin Islands,26,13,Unknown,13
2015,Utah,34,28,Handgun,26
2015,Utah,34,28,Rifle,2
2015,Utah,34,28,Shotgun,0
2015,Utah,34,28,Unknown,6
2015,Vermont,8,6,Handgun,2
2015,Vermont,8,6,Rifle,4
2015,Vermont,8,6,Shotgun,0
2015,Vermont,8,6,Unknown,2
2015,Virginia,275,161,Handgun,148
2015,Virginia,275,161,Rifle,6
2015,Virginia,275,161,Shotgun,7
2015,Virginia,275,161,Unknown,114
2015,Washington,141,92,Handgun,84
2015,Washington,141,92,Rifle,3
2015,Washington,141,92,Shotgun,5
2015,Washington,141,92,Unknown,49
2015,West Virginia,30,21,Handgun,19
2015,West Virginia,30,21,Rifle,1
2015,West Virginia,30,21,Shotgun,1
2015,West Virginia,30,21,Unknown,9
2015,Wisconsin,170,131,Handgun,122
2015,Wisconsin,170,131,Rifle,5
2015,Wisconsin,170,131,Shotgun,4
2015,Wisconsin,170,131,Unknown,39
2015,Wyoming,10,7,Handgun,4
2015,Wyoming,10,7,Rifle,0
2015,Wyoming,10,7,Shotgun,3
2015,Wyoming,10,7,Unknown,3
2016,Alaska,43,17,Handgun,12
2016,Alaska,43,17,Rifle,4
2016,Alaska,43,17,Shotgun,1
2016,Alaska,43,17,Unknown,26
2016,Arizona,227,182,Handgun,156
2016,Arizona,227,182,Rifle,16
2016,Arizona,227,182,Shotgun,10
2016,Arizona,227,182,Unknown,45
2016,Arkansas,151,86,Handgun,72
2016,Arkansas,151,86,Rifle,11
2016,Arkansas,151,86,Shotgun,3
2016,Arkansas,151,86,Unknown,65
2016,California,1368,1003,Handgun,930
2016,California,1368,1003,Rifle,37
2016,California,1368,1003,Shotgun,36
2016,California,1368,1003,Unknown,365
2016,Colorado,136,95,Handgun,87
2016,Colorado,136,95,Rifle,4
2016,Colorado,136,95,Shotgun,4
2016,Colorado,136,95,Unknown,41
2016,Connecticut,48,25,Handgun,24
2016,Connecticut,48,25,Rifle,0
2016,Connecticut,48,25,Shotgun,1
2016,Connecticut,48,25,Unknown,23
2016,Delaware,41,17,Handgun,17
2016,Delaware,41,17,Rifle,0
2016,Delaware,41,17,Shotgun,0
2016,Delaware,41,17,Unknown,24
2016,District of Columbia,105,105,Handgun,105
2016,District of Columbia,105,105,Rifle,0
2016,District of Columbia,105,105,Shotgun,0
2016,District of Columbia,105,105,Unknown,0
2016,Georgia,522,455,Handgun,421
2016,Georgia,522,455,Rifle,20
2016,Georgia,522,455,Shotgun,14
2016,Georgia,522,455,Unknown,67
2016,Hawaii,19,17,Handgun,12
2016,Hawaii,19,17,Rifle,3
2016,Hawaii,19,17,Shotgun,2
2016,Hawaii,19,17,Unknown,2
2016,Idaho,17,14,Handgun,13
2016,Idaho,17,14,Rifle,1
2016,Idaho,17,14,Shotgun,0
2016,Idaho,17,14,Unknown,3
2016,Illinois,799,747,Handgun,728
2016,Illinois,799,747,Rifle,14
2016,Illinois,799,747,Shotgun,5
2016,Illinois,799,747,Unknown,52
2016,Indiana,287,183,Handgun,169
2016,Indiana,287,183,Rifle,12
2016,Indiana,287,183,Shotgun,2
2016,Indiana,287,183,Unknown,104
2016,Iowa,43,28,Handgun,25
2016,Iowa,43,28,Rifle,2
2016,Iowa,43,28,Shotgun,1
2016,Iowa,43,28,Unknown,15
2016,Kansas,61,49,Handgun,43
2016,Kansas,61,49,Rifle,5
2016,Kansas,61,49,Shotgun,1
2016,Kansas,61,49,Unknown,12
2016,Kentucky,207,158,Handgun,143
2016,Kentucky,207,158,Rifle,7
2016,Kentucky,207,158,Shotgun,8
2016,Kentucky,207,158,Unknown,49
2016,Louisiana,445,252,Handgun,219
2016,Louisiana,445,252,Rifle,26
2016,Louisiana,445,252,Shotgun,7
2016,Louisiana,445,252,Unknown,193
2016,Maine,11,6,Handgun,2
2016,Maine,11,6,Rifle,1
2016,Maine,11,6,Shotgun,3
2016,Maine,11,6,Unknown,5
2016,Maryland,328,314,Handgun,309
2016,Maryland,328,314,Rifle,2
2016,Maryland,328,314,Shotgun,3
2016,Maryland,328,314,Unknown,14
2016,Massachusetts,85,34,Handgun,34
2016,Massachusetts,85,34,Rifle,0
2016,Massachusetts,85,34,Shotgun,0
2016,Massachusetts,85,34,Unknown,51
2016,Michigan,443,218,Handgun,191
2016,Michigan,443,218,Rifle,15
2016,Michigan,443,218,Shotgun,12
2016,Michigan,443,218,Unknown,225
2016,Minnesota,60,45,Handgun,42
2016,Minnesota,60,45,Rifle,2
2016,Minnesota,60,45,Shotgun,1
2016,Minnesota,60,45,Unknown,15
2016,Mississippi,128,111,Handgun,101
2016,Mississippi,128,111,Rifle,4
2016,Mississippi,128,111,Shotgun,6
2016,Mississippi,128,111,Unknown,17
2016,Missouri,437,240,Handgun,211
2016,Missouri,437,240,Rifle,23
2016,Missouri,437,240,Shotgun,6
2016,Missouri,437,240,Unknown,197
2016,Montana,17,13,Handgun,6
2016,Montana,17,13,Rifle,4
2016,Montana,17,13,Shotgun,3
2016,Montana,17,13,Unknown,4
2016,Nebraska,30,30,Handgun,30
2016,Nebraska,30,30,Rifle,0
2016,Nebraska,30,30,Shotgun,0
2016,Nebraska,30,30,Unknown,0
2016,Nevada,141,23,Handgun,21
2016,Nevada,141,23,Rifle,2
2016,Nevada,141,23,Shotgun,0
2016,Nevada,141,23,Unknown,118
2016,New Hampshire,8,6,Handgun,4
2016,New Hampshire,8,6,Rifle,1
2016,New Hampshire,8,6,Shotgun,1
2016,New Hampshire,8,6,Unknown,2
2016,New Jersey,278,216,Handgun,212
2016,New Jersey,278,216,Rifle,1
2016,New Jersey,278,216,Shotgun,3
2016,New Jersey,278,216,Unknown,62
2016,New Mexico,60,14,Handgun,13
2016,New Mexico,60,14,Rifle,1
2016,New Mexico,60,14,Shotgun,0
2016,New Mexico,60,14,Unknown,46
2016,New York,367,316,Handgun,305
2016,New York,367,316,Rifle,2
2016,New York,367,316,Shotgun,9
2016,New York,367,316,Unknown,51
2016,North Carolina,421,304,Handgun,262
2016,North Carolina,421,304,Rifle,20
2016,North Carolina,421,304,Shotgun,22
2016,North Carolina,421,304,Unknown,117
2016,North Dakota,8,7,Handgun,5
2016,North Dakota,8,7,Rifle,2
2016,North Dakota,8,7,Shotgun,0
2016,North Dakota,8,7,Unknown,1
2016,Ohio,452,212,Handgun,197
2016,Ohio,452,212,Rifle,7
2016,Ohio,452,212,Shotgun,8
2016,Ohio,452,212,Unknown,240
2016,Oklahoma,171,153,Handgun,135
2016,Oklahoma,171,153,Rifle,9
2016,Oklahoma,171,153,Shotgun,9
2016,Oklahoma,171,153,Unknown,18
2016,Oregon,51,39,Handgun,32
2016,Oregon,51,39,Rifle,6
2016,Oregon,51,39,Shotgun,1
2016,Oregon,51,39,Unknown,12
2016,Pennsylvania,486,417,Handgun,395
2016,Pennsylvania,486,417,Rifle,10
2016,Pennsylvania,486,417,Shotgun,12
2016,Pennsylvania,486,417,Unknown,69
2016,Rhode Island,12,5,Handgun,5
2016,Rhode Island,12,5,Rifle,0
2016,Rhode Island,12,5,Shotgun,0
2016,Rhode Island,12,5,Unknown,7
2016,South Carolina,281,188,Handgun,172
2016,South Carolina,281,188,Rifle,7
2016,South Carolina,281,188,Shotgun,9
2016,South Carolina,281,188,Unknown,93
2016,South Dakota,7,7,Handgun,7
2016,South Dakota,7,7,Rifle,0
2016,South Dakota,7,7,Shotgun,0
2016,South Dakota,7,7,Unknown,0
2016,Tennessee,356,219,Handgun,202
2016,Tennessee,356,219,Rifle,10
2016,Tennessee,356,219,Shotgun,7
2016,Tennessee,356,219,Unknown,137
2016,Texas,1066,712,Handgun,630
2016,Texas,1066,712,Rifle,51
2016,Texas,1066,712,Shotgun,31
2016,Texas,1066,712,Unknown,354
2016,U.S. Virgin Islands,34,3,Handgun,3
2016,U.S. Virgin Islands,34,3,Rifle,0
2016,U.S. Virgin Islands,34,3,Shotgun,0
2016,U.S. Virgin Islands,34,3,Unknown,31
2016,Utah,42,32,Handgun,31
2016,Utah,42,32,Rifle,1
2016,Utah,42,32,Shotgun,0
2016,Utah,42,32,Unknown,10
2016,Vermont,6,5,Handgun,2
2016,Vermont,6,5,Rifle,2
2016,Vermont,6,5,Shotgun,1
2016,Vermont,6,5,Unknown,1
2016,Virginia,352,171,Handgun,151
2016,Virginia,352,171,Rifle,10
2016,Virginia,352,171,Shotgun,10
2016,Virginia,352,171,Unknown,181
2016,Washington,127,85,Handgun,69
2016,Washington,127,85,Rifle,11
2016,Washington,127,85,Shotgun,5
2016,Washington,127,85,Unknown,42
2016,West Virginia,47,32,Handgun,30
2016,West Virginia,47,32,Rifle,2
2016,West Virginia,47,32,Shotgun,0
2016,West Virginia,47,32,Unknown,15
2016,Wisconsin,166,129,Handgun,119
2016,Wisconsin,166,129,Rifle,6
2016,Wisconsin,166,129,Shotgun,4
2016,Wisconsin,166,129,Unknown,37
2016,Wyoming,6,2,Handgun,1
2016,Wyoming,6,2,Rifle,0
2016,Wyoming,6,2,Shotgun,1
2016,Wyoming,6,2,Unknown,4
